Date,AUD,USD,EUR
3/14/2025,185.5826,295.4196,320.0871
3/12/2025,185.9738,295.5014,322.3182
3/11/2025,185.4663,295.4696,320.6879
3/10/2025,186.6619,295.468,320.5237
3/7/2025,186.7332,295.5809,319.0944
3/6/2025,187.2789,295.2296,319.0103
3/5/2025,184.3414,295.2061,313.1251
3/4/2025,183.2185,295.347,309.627
3/3/2025,183.7927,295.368,307.6848
2/28/2025,183.8441,295.4981,307.0225
2/27/2025,186.5823,295.7164,309.7481
2/25/2025,187.7563,295.749,309.6344
2/24/2025,188.7141,295.8829,311.2984
2/21/2025,189.7294,296.4754,311.1065
2/20/2025,188.1061,296.6271,309.2782
2/19/2025,187.995,295.8921,309.1924
2/18/2025,187.368,295.3468,309.1543
2/17/2025,188.0119,295.5232,310.3437
2/14/2025,187.542,296.556,310.1383
2/13/2025,186.5566,297.0173,309.0316
2/11/2025,186.5435,297.5176,306.4431
2/10/2025,186.2154,297.6589,306.6333
2/7/2025,187.8104,298.4908,309.9827
2/6/2025,187.5031,298.9288,310.6916
2/5/2025,187.083,299.1413,310.6283
2/3/2025,181.5733,297.6367,304.3484
1/31/2025,184.9458,297.5797,309.2002
1/30/2025,184.9856,296.5464,309.1348
1/29/2025,185.7847,297.899,310.7236
1/28/2025,186.976,298.4691,311.4973
1/27/2025,187.5364,298.411,312.1528
1/24/2025,188.3867,298.8605,311.8908
1/23/2025,187.4679,298.6584,310.7541
1/22/2025,186.2766,297.4952,309.6925
1/21/2025,185.3411,296.8545,308.1943
1/20/2025,184.1071,296.6599,305.1889
1/17/2025,184.3128,296.5135,305.6016
1/16/2025,183.6127,295.221,303.7086
1/15/2025,182.252,294.5963,303.3753
1/10/2025,183.2529,295.5931,304.5052
1/9/2025,183.7692,296.0915,305.4924
1/8/2025,184.4575,296.1507,306.6048
1/7/2025,184.4059,294.9314,306.2568
1/6/2025,182.7543,293.5577,302.7167
1/3/2025,182.3231,293.2654,301.2276
1/2/2025,182.3132,293.4147,304.0803
1/1/2025,181.3247,293.0027,303.2578
12/31/2024,182.177,292.5833,304.5646
12/30/2024,182.4728,292.7528,305.2387
12/27/2024,182.9729,294.3343,306.3873
12/26/2024,185.1824,296.4816,308.2964
12/24/2024,184.4169,295.6109,307.4945
12/23/2024,183.4637,293.1667,306.0807
12/20/2024,182.2525,292.6811,303.3493
12/19/2024,181.3234,291.2826,302.2494
12/18/2024,184.0199,290.9406,305.4731
12/17/2024,185.2144,290.7605,306.04
12/16/2024,184.9503,290.323,305.2601
12/13/2024,184.5616,290.2596,303.7422
12/12/2024,186.0799,290.2963,304.9417
12/11/2024,185.3191,290.3096,305.9428
12/10/2024,186.4696,290.3607,306.4612
12/9/2024,185.8186,290.3415,306.3829
12/6/2024,186.7856,290.4005,307.0985
12/5/2024,186.9642,290.5201,305.6271
12/4/2024,187.1631,290.5357,305.2223
12/3/2024,187.658,290.6498,304.7318
12/2/2024,188.9547,290.6996,305.9468
11/29/2024,189.2566,290.9179,307.5148
11/28/2024,189.2106,291.0933,307.2781
11/27/2024,188.3722,291.1471,305.2532
11/26/2024,188.463,291.0625,304.4077
11/25/2024,190.1729,290.9399,305.065
11/22/2024,189.6118,290.9942,304.6709
11/21/2024,189.5851,290.9755,306.9501
11/20/2024,190.0852,290.917,308.3866
11/19/2024,189.7804,291.5886,308.8506
11/18/2024,189.2983,292.1947,308.1485
11/14/2024,189.3364,292.2986,308.5066
11/13/2024,191.1687,292.5977,310.8119
11/12/2024,191.9856,292.594,311.6272
11/11/2024,192.6952,292.6497,313.7351
11/8/2024,194.9756,292.6902,315.7103
11/7/2024,193.2094,292.9412,314.3113
11/6/2024,192.3956,293.1073,316.0576
11/5/2024,193.1882,293.0869,318.8639
11/4/2024,193.5264,292.9776,319.0087
11/1/2024,192.9025,293.4102,319.245
10/30/2024,192.6353,293.7185,317.7594
10/29/2024,193.249,293.5354,317.5319
10/28/2024,193.7598,293.6867,316.9614
10/25/2024,194.8389,293.6754,317.9624
10/24/2024,194.779,293.2756,316.3857
10/23/2024,195.9735,293.2637,316.7101
10/22/2024,195.4532,293.0992,317.0894
10/21/2024,196.7496,292.8693,318.2171
10/18/2024,196.5441,292.9995,317.4503
10/16/2024,196.4314,293.6853,319.8086
10/15/2024,197.0837,292.8871,319.3787
10/14/2024,197.0773,292.8558,319.9596
10/11/2024,197.6478,293.1156,320.4779
10/10/2024,196.9724,292.9175,320.5543
10/9/2024,197.5933,293.361,321.8317
10/8/2024,197.3814,293.5476,322.1832
10/7/2024,199.9333,293.7819,322.4697
10/4/2024,202.4106,295.4684,326.0051
10/3/2024,202.6297,294.9272,325.5259
10/2/2024,204.1563,295.6217,327.268
10/1/2024,205.6593,297.1955,330.9718
9/30/2024,207.0499,299.3565,334.007
9/27/2024,206.3529,300.2152,335.2053
9/26/2024,206.524,301.7592,336.2503
9/25/2024,209.4379,303.9075,340.1485
9/24/2024,208.1938,304.4214,338.0447
9/23/2024,207.7637,304.8847,340.2361
9/20/2024,207.5054,304.5504,339.863
9/19/2024,206.0562,303.9177,337.3335
9/18/2024,203.6693,301.1969,335.0966
9/13/2024,203.0042,301.7977,334.6484
9/12/2024,200.8511,300.7654,331.1577
9/11/2024,200.2407,300.7295,332.0204
9/10/2024,199.6246,300.0746,331.1173
9/9/2024,199.6327,298.6949,330.9988
9/6/2024,201.3186,298.8696,332.1188
9/5/2024,201.1707,298.9385,331.2836
9/4/2024,200.5197,299.1715,330.7191
9/3/2024,202.5923,299.0072,330.8963
9/2/2024,202.4854,299.6011,330.9693
8/30/2024,204.0426,300.3276,332.5077
8/29/2024,204.2995,300.6837,334.676
8/28/2024,204.5031,300.7178,336.007
8/27/2024,203.6891,300.6037,335.6842
8/26/2024,203.9645,300.5002,336.3048
8/23/2024,202.1063,301.1343,334.9969
8/22/2024,201.8758,299.9863,334.2147
8/21/2024,201.8308,299.2525,332.8436
8/20/2024,200.7285,298.6809,330.9683
8/16/2024,198.0091,298.9042,328.137
8/15/2024,197.8978,299.2783,329.4306
8/14/2024,198.3134,299.228,328.9264
8/13/2024,197.3891,299.6647,327.7283
8/12/2024,197.7988,300.4007,328.0826
8/9/2024,198.8621,301.2378,329.027
8/8/2024,197.6373,301.8515,329.969
8/7/2024,198.3951,302.3394,329.9883
8/6/2024,196.9058,302.2113,331.0574
8/5/2024,196.5692,302.0889,329.8358
8/2/2024,196.5478,302.4975,326.3192
8/1/2024,197.6629,302.445,327.5026
7/31/2024,196.3443,302.3706,327.3313
7/30/2024,198.1951,302.8885,327.5891
7/29/2024,198.957,303.1957,329.5586
7/26/2024,198.9318,303.62,329.7313
7/25/2024,199.0168,303.5644,329.0638
7/24/2024,200.6761,303.8705,329.5172
7/23/2024,201.6151,303.7287,330.7757
7/22/2024,202.5042,303.6956,330.7245
7/19/2024,203.7649,303.9906,331.0154
7/18/2024,204.4854,303.8416,332.19
7/17/2024,204.3491,303.3236,330.7137
7/16/2024,203.3586,301.4954,328.3586
7/15/2024,204.6904,302.1929,329.0578
7/12/2024,205.0509,303.3297,329.5526
7/11/2024,205.37,303.7568,329.2724
7/10/2024,204.9129,304.2056,329.0288
7/9/2024,205.0326,304.4737,329.5623
7/8/2024,205.7962,304.8833,330.1276
7/5/2024,205.1984,304.5391,329.4352
7/4/2024,204.1579,304.0552,327.9843
7/3/2024,202.6172,303.5236,326.1665
7/2/2024,203.2044,305.8234,328.2708
7/1/2024,204.1141,306.0182,328.9696
6/28/2024,202.8668,305.7065,326.9378
6/27/2024,203.0666,305.3403,326.4546
6/26/2024,203.872,305.4034,327.2397
6/25/2024,203.3437,305.3208,327.7924
6/24/2024,202.7904,305.4303,326.5966
6/20/2024,203.5598,305.2787,327.8846
6/19/2024,202.9419,304.4205,326.9172
6/18/2024,200.6526,303.95,325.9408
6/14/2024,201.5766,303.8309,326.3752
6/13/2024,202.0769,303.738,328.2497
6/12/2024,200.7049,303.4547,325.9559
6/11/2024,199.9096,303.031,326.2886
6/10/2024,199.3866,302.6971,326.0956
6/7/2024,201.8458,302.7081,329.8307
6/6/2024,201.6573,302.2895,329.2386
6/5/2024,201.3665,302.1706,328.9278
6/4/2024,201.6589,301.9524,329.3093
6/3/2024,200.9561,301.8946,327.6462
5/31/2024,200.2425,301.8883,326.6431
5/30/2024,199.3283,301.51,325.6006
5/29/2024,200.5566,301.2717,326.8949
5/28/2024,200.2611,300.4217,326.6335
5/27/2024,198.9809,299.9863,325.4401
5/22/2024,200.1253,299.7458,325.5239
5/21/2024,199.4746,299.8265,325.4017
5/20/2024,200.9466,299.8755,326.0846
5/17/2024,200.7315,301.3081,327.0699
5/16/2024,202.0525,302.2475,329.0266
5/15/2024,199.6635,300.834,325.5626
5/14/2024,197.9911,299.8957,323.4375
5/13/2024,196.8715,298.7882,321.6754
5/10/2024,197.1566,298.6317,321.7757
5/9/2024,196.3997,298.7068,320.9903
5/8/2024,196.8984,299.6247,321.767
5/7/2024,197.1697,297.7495,320.4976
5/6/2024,196.7321,297.1335,320.0128
5/3/2024,195.1603,296.7992,318.5843
5/2/2024,194.468,297.602,318.9847
4/30/2024,194.1439,296.8561,317.7399
4/29/2024,194.413,296.2033,317.4411
4/26/2024,194.0475,297.1631,318.7074
4/25/2024,194.3746,298.7161,319.8055
4/24/2024,196.6432,301.4613,322.8651
4/22/2024,194.7749,302,322.1283
4/19/2024,191.9419,301.2744,319.9534
4/18/2024,194.0726,300.9111,321.2226
4/17/2024,192.5178,299.8253,318.8192
4/16/2024,191.6458,298.9094,317.1578
4/15/2024,193.3958,298.4963,317.8986
4/10/2024,197.693,298.6751,324.0924
4/9/2024,197.5512,298.9576,324.6381
4/8/2024,197.05,299.3771,324.4649
4/5/2024,196.9058,299.8185,324.5685
4/4/2024,197.2055,299.8867,325.0772
4/3/2024,195.231,299.9632,323.1504
4/2/2024,194.8945,300.1378,322.1079
4/1/2024,196.0013,300.4081,324.0502
3/28/2024,196.9139,301.1837,326.0314
3/27/2024,196.9211,302.0263,326.9435
3/26/2024,198.3322,302.751,328.288
3/25/2024,198.3842,303.5486,328.3637
3/22/2024,198.7494,303.9446,329.7191
3/21/2024,201.3978,304.3412,332.7971
3/20/2024,198.6784,303.9755,330.239
3/19/2024,199.7657,304.637,331.2318
3/18/2024,200.4202,305.2394,332.3904
3/15/2024,200.5794,305.6448,332.404
3/14/2024,202.7756,306.2613,335.2336
3/13/2024,202.5513,306.5707,334.9285
3/12/2024,203.1463,307.0298,335.7064
3/11/2024,203.3903,307.5613,336.4874
3/7/2024,202.0521,307.8186,335.3376
3/6/2024,200.3489,307.9685,334.0534
3/5/2024,200.4087,308.1077,334.3123
3/4/2024,201.6144,309.1297,335.2202
3/1/2024,201.7104,309.8946,335.275
2/29/2024,201.8942,310.1532,336.0355
2/28/2024,203.0281,310.7494,336.8213
2/27/2024,202.8947,310.7593,337.2049
2/26/2024,203.876,311.1185,336.5369
2/22/2024,204.0882,311.6802,337.3003
2/21/2024,204.6452,312.0305,337.4922
2/20/2024,203.8436,312.2604,336.1639
2/19/2024,204.3039,312.4391,336.7781
2/16/2024,203.8813,312.8934,336.7985
2/15/2024,202.9345,313.1705,335.9693
2/14/2024,202.3466,313.4241,335.7399
2/13/2024,204.2695,313.2487,337.1809
2/12/2024,204.1919,313.0338,337.8887
2/9/2024,203.6747,313.5869,337.9526
2/8/2024,204.5021,313.2212,337.7464
2/7/2024,205.2842,314.0343,338.0579
2/6/2024,202.7663,312.2364,335.498
2/5/2024,202.5276,311.4132,335.719
2/2/2024,206.9875,314.0218,341.4673
2/1/2024,207.8222,316.1275,341.9867
1/31/2024,208.3155,317.4089,343.4364
1/30/2024,210.2399,317.9432,344.3643
1/29/2024,209.0859,317.5185,344.2853
1/26/2024,210.3737,319.1591,346.2238
1/24/2024,210.1694,319.9412,347.3602
1/23/2024,211.1234,320.0536,348.6024
1/22/2024,211.5783,320.5246,349.6282
1/19/2024,211.2049,320.8826,349.377
1/18/2024,210.6268,321.2243,350.0381
1/17/2024,211.9711,321.7534,349.9873
1/16/2024,213.4761,322.2038,352.0399
1/12/2024,216.5885,322.6884,354.3764
1/11/2024,216.9418,322.83,354.4673
1/10/2024,216.1336,322.6356,352.7698
1/9/2024,217.0166,322.4136,353.4298
1/8/2024,216.5995,322.4406,352.7823
1/5/2024,216.5746,322.4275,353.1387
1/4/2024,216.7369,322.2375,351.8189
1/3/2024,216.8042,321.12,351.6264
1/2/2024,220.0736,323.1861,356.345
1/1/2024,220.6697,323.9902,357.588
12/29/2023,221.6283,323.9233,358.7451
12/28/2023,222.5979,324.2268,360.2808
12/27/2023,222.3019,325.7409,359.3574
12/22/2023,221.5114,326.3519,358.9218
12/21/2023,220.5228,326.9669,357.898
12/20/2023,221.1561,326.9605,358.6757
12/19/2023,219.7916,326.9249,356.9693
12/18/2023,219.1621,326.9856,356.447
12/15/2023,219.3946,326.7231,359.232
12/14/2023,219.4977,326.7793,356.2875
12/13/2023,214.6408,327.0966,352.9045
12/12/2023,215.2522,327.1808,352.341
12/11/2023,214.3526,326.9314,351.958
12/8/2023,215.7943,326.59,352.2436
12/7/2023,214.0766,327.1342,352.2581
12/6/2023,215.9995,328.0175,353.9965
12/5/2023,216.6975,328.0314,355.5696
12/4/2023,218.9621,327.9839,356.8793
12/1/2023,217.0053,327.5552,357.33
11/30/2023,218.0563,329.0423,361.091
11/29/2023,219.3706,329.509,362.7235
11/28/2023,218.0142,329.0036,360.5386
11/27/2023,216.0872,328.7498,359.6194
11/24/2023,215.5755,328.7214,358.2406
11/23/2023,215.305,328.4842,357.9821
11/22/2023,215.2445,328.3919,358.4398
11/21/2023,215.5235,328.0918,359.4246
11/20/2023,214.3098,327.9164,358.1503
11/17/2023,212.0829,328.0732,356.0742
11/16/2023,212.5675,328.6449,356.0867
11/15/2023,212.4922,327.3643,355.8777
11/14/2023,208.4113,326.894,349.7766
11/13/2023,208.1929,327.193,349.6057
11/10/2023,208.9505,328.461,350.5993
11/9/2023,210.5929,328.41,351.8585
11/8/2023,210.7821,327.1236,349.8587
11/7/2023,212.2418,327.736,350.9889
11/6/2023,214.3287,328.9773,353.0913
11/3/2023,211.7346,329.0615,349.7266
11/2/2023,211.1393,328.0343,347.5195
11/1/2023,207.3162,327.6173,346.3242
10/31/2023,208.2311,327.3817,347.1228
10/30/2023,207.8748,327.13,345.5801
10/27/2023,206.952,326.5,344.8493
10/26/2023,204.8867,326.5647,344.4278
10/25/2023,209.0373,327.1063,346.7
10/24/2023,207.192,325.9017,348.2423
10/23/2023,205.1563,325,343.8825
10/20/2023,205.2865,324.9747,343.6445
10/19/2023,204.3756,324.38,341.7992
10/18/2023,206.7013,324.1357,342.8707
10/17/2023,205.637,323.9143,341.6648
10/16/2023,204.8091,323.86,340.8141
10/13/2023,204.8344,323.7977,341.3152
10/12/2023,207.6675,323.848,344.0075
10/11/2023,208.0791,323.8082,343.3662
10/10/2023,207.8338,323.6026,342.1774
10/9/2023,206.2054,323.6117,341.8634
10/6/2023,206.3391,323.6946,341.2874
10/5/2023,205.9191,323.7722,340.7055
10/4/2023,204.037,323.7654,338.8043
10/3/2023,205.3054,323.8,338.8405
10/2/2023,207.7947,323.5166,341.957
9/27/2023,207.3221,324.4478,342.6493
9/26/2023,208.5717,324.5999,343.589
9/25/2023,208.4187,324.4375,345.3475
9/22/2023,208.4821,324.6121,345.6957
9/21/2023,208.166,324.7013,345.2549
9/20/2023,209.142,324,346.2264
9/19/2023,208.2095,323.7088,345.8829
9/18/2023,208.3182,323.375,344.9765
9/15/2023,208.8343,323.3731,344.1983
9/14/2023,207.8026,323.3778,347.2107
9/13/2023,206.4859,322.3823,346.561
9/12/2023,207.1798,322.2833,346.2934
9/11/2023,206.3099,321.6556,344.9756
9/8/2023,206.0054,322.3871,345.5667
9/7/2023,205.1752,321.995,345.3718
9/6/2023,205.3058,321.9978,345.3265
9/5/2023,205.8427,320.3778,345.5595
9/4/2023,206.5593,319.257,344.3027
9/1/2023,207.3072,319.6472,346.8172
8/31/2023,209.5376,322.6634,352.542
8/29/2023,208.5004,323.9093,350.7938
8/28/2023,208.2817,323.8714,350.0078
8/25/2023,207.9753,324.05,349.5527
8/24/2023,209.6088,323.9704,351.7995
8/23/2023,208.8409,323.935,351.6152
8/22/2023,207.8367,323.935,353.4455
8/21/2023,207.2045,323.2519,351.6981
8/18/2023,206.5695,321.8596,350.4729
8/17/2023,204.9173,321.0863,348.9566
8/16/2023,207.0971,321.1804,350.3115
8/15/2023,208.2237,320.9366,350.2702
8/14/2023,206.7402,319.9817,349.804
8/11/2023,208.6084,320.0006,351.6167
8/10/2023,209.5295,320.2591,351.6125
8/9/2023,210.0527,321.0833,352.0036
8/8/2023,210.5638,321.496,353.1634
8/7/2023,209.7908,318.4438,350.3519
8/4/2023,209.2176,318.4438,348.887
8/3/2023,205.2939,314.0972,343.6223
8/2/2023,214.6259,324.6497,356.7576
7/31/2023,219.8785,329.3566,362.6546
7/28/2023,220.3874,329.2804,361.731
7/27/2023,224.2097,329.3811,365.7283
7/26/2023,222.488,329.4167,363.7749
7/25/2023,222.4698,329,364.4169
7/24/2023,220.2132,326.75,363.6728
7/21/2023,220.288,325.2204,362.198
7/20/2023,221.5276,324.25,364.0031
7/19/2023,218.8665,322.5265,361.8264
7/18/2023,220.1218,322.8065,362.9798
7/17/2023,217.6722,319.1206,358.1171
7/14/2023,217.8741,316.3556,355.4255
7/13/2023,213.9348,314.5869,350.5127
7/12/2023,211.5405,313.9049,346.3156
7/11/2023,209.0972,312.7857,344.4396
7/10/2023,208.0398,311.5068,341.4115
7/7/2023,204.3646,308.1957,335.4556
7/6/2023,204.7438,306.9852,333.125
7/5/2023,204.6743,306.2611,333.1202
7/4/2023,205.6368,308.1162,335.9545
6/28/2023,205.0477,308.83,337.9836
6/27/2023,206.6261,308.1212,336.4992
6/26/2023,205.2756,307,334.8449
6/23/2023,206.1966,306.9543,335.7773
6/22/2023,208.6495,306.9052,337.3502
6/21/2023,207.9813,306.125,334.1967
6/20/2023,208.3948,305.9231,334.068
6/19/2023,211.9875,309.2,338.2803
6/16/2023,215.8014,313.8245,343.4182
6/15/2023,209.2285,308.4828,333.5008
6/14/2023,205.5912,303.2095,327.3298
6/13/2023,202.4719,300.4257,323.5885
6/12/2023,199.595,296.2449,318.0485
6/9/2023,196.5812,293.2079,316.0488
6/8/2023,194.0179,290.9686,311.5983
6/7/2023,194.2672,291.2115,311.3925
6/6/2023,192.942,291.5413,312.5031
6/5/2023,193.0006,292.3145,312.7765
6/2/2023,192.9618,292.2778,314.6663
6/1/2023,190.1693,292.4557,312.6498
5/31/2023,192.0444,295.5211,316.4292
5/30/2023,194.2718,296.6888,318.1097
5/29/2023,195.5294,299.1118,321.0367
5/26/2023,197.3765,303.05,325.3848
5/25/2023,198.0796,303.2681,325.8009
5/24/2023,200.9543,304.707,328.3523
5/23/2023,203.3362,305.8837,330.5379
5/22/2023,204.3913,307.0783,332.3508
5/19/2023,202.6277,305.7839,329.2069
5/18/2023,204.4601,307.3664,333.3389
5/17/2023,206.8534,310.4042,337.4404
5/16/2023,209.1711,312.639,340.0574
5/15/2023,208.5275,313.2454,340.0905
5/12/2023,210.1168,313.654,342.667
5/11/2023,214.4397,316.6797,347.651
5/10/2023,215.2175,318.0867,349.0047
5/9/2023,216.0384,318.5233,350.089
5/8/2023,215.9912,319.4428,352.4412
5/4/2023,213.5936,319.9665,354.6829
5/3/2023,214.0573,320.9014,353.6975
5/2/2023,213.1301,321.4389,353.1649
4/28/2023,213.3022,321.65,354.5226
4/27/2023,212.4864,321.6324,355.4681
4/26/2023,212.9889,321.7598,353.1796
4/25/2023,215.0589,321.8,355.7016
4/24/2023,215.056,321.6512,353.4143
4/21/2023,215.9488,321.1373,352.127
4/20/2023,215.1039,320.7155,351.4721
4/19/2023,215.7101,320.83,352.0147
4/18/2023,214.9104,319.9261,349.8072
4/17/2023,214.3208,319.5718,350.8259
4/12/2023,212.8762,319.85,349.3722
4/11/2023,213.2966,319.833,348.1062
4/10/2023,213.1667,319.9741,348.8038
4/6/2023,215.2674,321.1748,349.7594
4/4/2023,219.412,323.7837,352.6814
4/3/2023,218.6063,327.5,353.7983
3/31/2023,220.1978,327.2857,357.1014
3/30/2023,217.441,325.6324,352.7901
3/29/2023,216.0415,322.6667,349.8675
3/28/2023,213.9372,319.9778,346.072
3/27/2023,213.1018,320.5985,345.1563
3/24/2023,212.6559,318.6334,344.9207
3/23/2023,213.6459,317.3116,345.8062
3/22/2023,215.1034,321.8906,346.7406
3/21/2023,224.4879,335.0815,359.2241
3/20/2023,224.456,335.2842,357.7147
3/17/2023,225.4371,336.8,358.1194
3/16/2023,223.6555,337.2877,357.1877
3/15/2023,219.2622,327.0617,351.7058
3/14/2023,214.511,322.9615,345.8433
3/13/2023,212.6037,319.105,342.0167
3/10/2023,209.3897,318.633,337.273
3/9/2023,210.4932,319.5585,336.9744
3/8/2023,215.2189,326.6337,344.2066
3/7/2023,227.7411,337.6693,360.9347
3/3/2023,233.4933,346.1724,367.2543
3/2/2023,238.7697,353.6543,376.8187
3/1/2023,241.512,358.4593,379.3575
2/28/2023,243.9568,361.6318,383.0766
2/27/2023,244.1607,362.4983,382.6895
2/24/2023,247.2308,362.668,384.4281
2/23/2023,246.8872,361.66,383.9563
2/22/2023,247.0871,361.6615,385.3865
2/21/2023,249.7972,361.92,386.1324
2/20/2023,249.4353,361.92,386.6391
2/17/2023,248.1324,361.92,385.6077
2/16/2023,249.9058,361.92,387.4716
2/15/2023,251.8058,361.92,388.2316
2/14/2023,251.6068,361.92,388.2678
2/13/2023,249.9781,361.92,386.0782
2/10/2023,250.9209,361.9226,388.3972
2/9/2023,251.4638,361.9226,388.2706
2/8/2023,252.0689,361.96,388.4193
2/7/2023,250.3134,361.96,388.7812
2/6/2023,250.3851,361.9589,390.5537
2/3/2023,255.2422,361.9686,394.22
2/2/2023,258.6585,362.14,399.0421
2/1/2023,254.9466,362.14,393.103
1/31/2023,255.3449,362.14,393.0305
1/30/2023,256.9202,362.14,393.6281
1/27/2023,258.0791,362.14,394.1894
1/26/2023,257.4453,362.14,395.312
1/25/2023,257.025,362.16,394.7544
1/24/2023,255.0693,362.16,393.9939
1/23/2023,253.0412,362.16,394.5733
1/20/2023,250.9834,362.1694,392.6278
1/19/2023,250.2198,362.2698,390.8891
1/18/2023,253.3507,362.24,390.8932
1/17/2023,252.5537,362.24,392.161
1/13/2023,251.8655,362.24,392.7406
1/12/2023,250.5614,362.24,389.9151
1/11/2023,249.855,362.24,388.8828
1/10/2023,250.3472,362.2446,388.7971
1/9/2023,250.7511,363.0917,387.4552
1/5/2023,247.4413,363.11,385.296
1/4/2023,245.8618,363.11,383.6257
1/3/2023,246.6969,363.11,387.4384
1/2/2023,247.2416,363.11,388.4551
12/30/2022,245.6076,363.11,386.93
12/29/2022,244.7859,363.13,385.8983
12/28/2022,244.9693,363.1326,386.2641
12/27/2022,245.0925,363.1,386.52
12/23/2022,242.9993,363.1733,385.3269
12/22/2022,244.9151,363.16,386.1117
12/21/2022,242.9722,363.16,385.6396
12/20/2022,242.9548,363.1612,385.2051
12/19/2022,244.0206,363.18,385.2613
12/16/2022,244.4383,363.18,387.0772
12/15/2022,248.397,363.18,387.0046
12/14/2022,247.7614,363.18,385.9877
12/13/2022,245.6186,363.18,383.0096
12/12/2022,245.6186,363.18,381.8838
12/9/2022,246.1816,363.18,383.7905
12/8/2022,243.603,363.18,381.5387
12/6/2022,243.6938,363.18,381.3027
12/5/2022,248.2313,363.1767,383.6962
12/2/2022,246.9329,363.19,381.6764
12/1/2022,247.0418,363.19,378.7709
11/30/2022,242.8453,363.1875,375.6085
11/29/2022,242.3732,363.1875,376.2623
11/28/2022,242.7744,363,375.9954
11/25/2022,245.5695,363,377.9193
11/24/2022,245.4534,363.5,379.0942
11/23/2022,241.4549,363.5,374.823
11/22/2022,240.4189,363.5,373.0419
11/21/2022,241.5458,363.5,374.296
11/18/2022,243.7631,363.5,377.0949
11/17/2022,244.2538,363.5,376.9859
11/16/2022,245.6715,363.5,377.3857
11/15/2022,243.6541,363.5,375.3138
11/14/2022,242.7998,363.5,375.3501
11/11/2022,239.9827,363.5,370.4065
11/10/2022,233.2398,363.5,364.118
11/9/2022,236.3659,363.5,366.1899
11/8/2022,235.0936,363.5,364.0089
11/4/2022,229.3503,363.5,354.9578
11/3/2022,231.1496,363.3,357.2511
11/2/2022,232.73,363.3,359.2674
11/1/2022,233.8017,363.3,359.7397
10/31/2022,233.0025,363.3,361.4108
10/28/2022,235.2368,363.3,363.0094
10/27/2022,235.3457,363.3,365.6615
10/26/2022,232.1124,363.3,361.4472
10/25/2022,229.5471,363.38,359.1285
10/21/2022,227.9846,363.38,355.2766
10/20/2022,226.8581,363.38,354.6225
10/19/2022,229.7288,363.38,358.111
10/18/2022,228.3662,363.38,357.2752
10/17/2022,226.2586,363.38,354.1138
10/14/2022,229.8858,363.14,355.623
10/13/2022,227.6472,362.9,352.0856
10/12/2022,226.6855,362.9,351.6138
10/11/2022,227.3931,362.9,351.4687
10/7/2022,232.9818,362.9,355.6239
10/6/2022,236.5745,362.9,359.5976
10/5/2022,235.6673,362.9,361.902
10/4/2022,235.7761,362.9,356.1864
10/3/2022,233.5624,362.9,356.2771
9/30/2022,235.4495,362.9,355.7872
9/29/2022,235.0503,362.9,351.1965
9/28/2022,232.2379,362.9,346.6965
9/27/2022,235.1955,362.9,349.4001
9/26/2022,236.756,362.9,350.634
9/23/2022,240.6753,362.9,356.7126
9/22/2022,239.0785,362.9,356.2408
9/21/2022,242.6531,362.9,361.6117
9/20/2022,244.1228,362.9,363.9161
9/19/2022,243.2337,362.9,362.8093
9/16/2022,243.2519,362.9,362.6097
9/15/2022,245.2155,362.45,361.5439
9/14/2022,244.3094,362.45,362.0151
9/13/2022,248.7974,362.2824,366.9196
9/12/2022,247.7448,362.2,365.5322
9/9/2022,246.4496,362,364.4254
9/8/2022,244.1377,361.9,361.5019
9/7/2022,243.1695,361.8056,357.7896
9/6/2022,246.5089,361.45,359.7512
9/5/2022,244.9547,361.45,358.1247
9/2/2022,245.3703,361.45,359.8958
9/1/2022,246.1112,361.0786,362.0535
8/31/2022,247.8198,361.148,361.9786
8/30/2022,248.6398,361.29,360.7481
8/29/2022,247.8349,361.17,358.6418
8/26/2022,251.8235,361.4,360.3158
8/25/2022,250.4618,361,360.4585
8/24/2022,249.1261,361,359.2311
8/23/2022,248.8373,361,358.8882
8/22/2022,249.0532,360.9467,362.1378
8/19/2022,249.3427,361,363.8158
8/18/2022,250.1184,360.9733,367.543
8/17/2022,252.9969,360.96,367.2588
8/16/2022,253.9086,360.9733,367.0016
8/15/2022,256.2532,360.92,369.7986
8/12/2022,256.0592,360.85,371.9281
8/10/2022,251.2142,360.94,368.7002
8/9/2022,252.0444,360.94,367.87
8/8/2022,250.0524,360.8,367.3846
8/5/2022,251.225,360.8,369.1706
8/4/2022,250.9153,360.9254,366.9168
8/3/2022,249.8326,360.9254,367.1694
8/2/2022,253.1693,361,370.7109
8/1/2022,252.6639,361,369.6279
7/29/2022,252.4337,360.8,367.7995
7/28/2022,252.0683,361,368.22
7/27/2022,249.9023,361,366.0901
7/26/2022,251.617,361,369.5557
7/25/2022,249.3868,361.09,368.4382
7/22/2022,249.9112,361.3,368.3092
7/21/2022,249.1906,361.67,368.9757
7/20/2022,249.8893,361.87,370.5006
7/19/2022,246.5678,361.1657,365.8247
7/18/2022,245.7733,361.0331,364.9323
7/15/2022,244.1982,361.24,362.6127
7/14/2022,244.6444,361.9,362.7143
7/12/2022,242.9611,360.9048,361.6627
7/11/2022,246.7298,361.35,366.8064
7/8/2022,246.6954,360.3497,366.5837
7/7/2022,245.3576,360.82,367.7297
7/6/2022,245.1971,359.8167,369.3339
7/5/2022,247.4664,359.7941,375.2652
7/4/2022,244.8759,359.7941,375.2293
7/1/2022,247.4423,359.55,376.4129
6/30/2022,248.3879,359.8782,376.2707
6/29/2022,248.6025,359.72,378.8931
6/28/2022,249.1228,359.9,380.5583
6/27/2022,249.5258,360.3,380.5128
6/24/2022,248.8592,360.3,379.3959
6/23/2022,248.6421,360.9,381.0021
6/22/2022,250.4466,360.9,379.4503
6/21/2022,252.2121,361.75,381.0494
6/20/2022,250.3425,360.75,379.1122
6/17/2022,252.9043,359.75,378.9607
6/16/2022,252.4168,359.85,375.5575
6/15/2022,248.9082,359.85,375.8633
6/13/2022,252.2435,359.8338,377.3217
6/10/2022,255.458,359.8,382.4494
6/9/2022,257.9583,360.0255,385.8393
6/8/2022,260.1004,360.0255,384.8673
6/7/2022,258.2828,360.2773,384.7041
6/6/2022,259.5258,360.2773,386.3434
6/3/2022,261.5418,360.3,387.8269
6/2/2022,258.442,360.6,384.2914
6/1/2022,258.74,360.1114,385.8594
5/31/2022,259.0798,360.76,387.7448
5/30/2022,259.0978,360.76,387.8892
5/27/2022,256.0016,359.25,386.2836
5/26/2022,254.871,359.7079,384.7436
5/25/2022,254.8338,359.3764,384.8921
5/24/2022,254.1151,359.3764,383.2749
5/23/2022,254.6074,359.4373,380.6621
5/20/2022,252.2975,359.475,379.7134
5/19/2022,250.6423,359.55,377.0601
5/18/2022,252.3484,359.65,379.0351
5/17/2022,251.825,359.75,375.7229
5/13/2022,247.626,360,373.932
5/12/2022,249.93,360,378.972
5/11/2022,253.8,364.76,384.2382
5/10/2022,253.7818,364.76,385.8067
5/9/2022,255.9703,364.76,383.454
5/6/2022,254.8706,358.5686,377.501
5/5/2022,253.5725,349.9,371.4888
5/4/2022,241.944,340,357.918
4/29/2022,243.3117,341.85,359.4553
4/28/2022,243.2092,341.85,360.1561
4/27/2022,241.5985,337.9,359.779
4/26/2022,244.8965,340.465,365.353
4/25/2022,240.4534,334.8,360.9814
4/22/2022,246.2454,334.8,362.9232
4/21/2022,249.1898,335,362.9055
4/20/2022,229.7875,310,335.017
4/19/2022,227.85,310,333.746
4/18/2022,231.5198,313.67,338.7322
4/12/2022,232.7745,313.67,341.022
4/11/2022,231.3252,311.675,339.0868
4/8/2022,223.5922,299,324.8037
4/7/2022,224.6195,299.8125,326.9455
4/6/2022,233.1349,307.7891,335.3362
4/5/2022,232.0884,307.7891,337.6754
4/4/2022,233.3138,310.8571,343.5437
4/1/2022,223.8165,299,330.993
3/31/2022,224.3995,299,334.0279
3/30/2022,229.8964,306.0796,339.9626
3/29/2022,220.899,294.9843,324.2467
3/28/2022,221.5627,294.9843,323.2143
3/25/2022,218.1235,290,319.87
3/24/2022,209.832,280,307.636
3/23/2022,209.4737,280.42,309.2752
3/22/2022,206.766,280,307.832
3/21/2022,203.7063,275,303.8063
3/18/2022,197.5994,267.8769,296.9951
3/16/2022,193.0884,267.8621,293.9787
3/15/2022,189.0973,263.33,288.8203
3/14/2022,183.0551,251.9685,274.948
3/11/2022,184.9449,251.9685,277.1402
3/10/2022,167.6101,229.3358,253.439
3/9/2022,166.9154,229.5,250.614
3/8/2022,148.2135,202.0909,219.8143
3/7/2022,149.7015,202.04,219.1528
3/4/2022,147.7952,201.6305,222.5295
3/3/2022,147.1267,202,224.22
3/2/2022,146.8,201.8979,224.4802
2/28/2022,144.3892,201.0571,224.5004
2/25/2022,145.1617,202.33,226.7816
2/24/2022,144.9077,201.1908,226.9935
2/23/2022,145.4408,201.1908,227.9089
2/22/2022,145.339,202,228.361
2/21/2022,145.3289,201.9298,229.2812
2/18/2022,145.4312,202.1141,229.7532
2/17/2022,145.7216,202.0123,229.9001
2/15/2022,143.4336,201,227.3712
2/14/2022,143.2427,201.0142,228.0908
2/11/2022,144.4098,202,230.3709
2/10/2022,144.7373,201.9637,230.6829
2/9/2022,144.5883,202.0659,230.8805
2/8/2022,144.3582,202.4091,231.3536
2/7/2022,142.9453,202,230.8961
2/3/2022,143.5575,201.5833,227.7589
2/2/2022,143.7337,201.4205,227.1318
2/1/2022,142.8332,201.97,226.7618
1/31/2022,141.0349,201.191,224.499
1/28/2022,141.6485,201.191,224.2978
1/27/2022,143.0261,202,226.8561
1/26/2022,144.4178,201.5882,227.9459
1/25/2022,144.443,202.0323,228.5692
1/24/2022,145.1572,202,228.9165
1/21/2022,145.9496,202.75,229.4927
1/20/2022,145.4317,201.053,228.2856
1/19/2022,145.2585,201.9442,228.6917
1/18/2022,145.7936,201.9442,230.5698
1/13/2022,146.9697,201.7844,230.8918
1/12/2022,144.9667,200.9798,228.5542
1/11/2022,144.4393,200.945,227.9319
1/10/2022,145.2477,201.9011,229.0972
1/7/2022,144.3268,201.3347,227.4981
1/6/2022,144.7747,201.048,227.4356
1/5/2022,145.9661,201.7081,227.7587
1/4/2022,144.01,200,226.12
1/3/2022,145.3646,200.4338,227.4924
12/31/2021,145.3546,200.4338,226.861
12/30/2021,147.4288,203,230.3238
12/29/2021,145.1723,201,227.2205
12/28/2021,145.717,201.5032,228.0714
12/27/2021,145.4144,200.918,227.399
12/24/2021,145.4144,200.918,227.5497
12/23/2021,144.4906,200.7232,227.59
12/22/2021,143.9549,201.3214,227.1207
12/21/2021,143.3844,201.51,227.4343
12/20/2021,144.5056,203,228.1923
12/17/2021,144.624,201.5384,228.1818
12/16/2021,143.5505,200.6717,226.4981
12/15/2021,143.5014,201.873,227.4301
12/14/2021,143.5317,201.873,227.7632
12/13/2021,144.293,201.3297,227.5428
12/10/2021,143.8687,201.0603,227.1378
12/9/2021,144.2059,201.2222,228.0854
12/8/2021,143.8175,201.5945,227.5296
12/7/2021,140.897,200.01,225.7213
12/6/2021,141.9795,202.25,228.4212
12/3/2021,141.6848,200.4453,226.403
12/2/2021,143.6755,201.9333,228.9217
12/1/2021,144.3831,202.0474,228.7177
11/30/2021,144.4841,202.0474,228.3338
11/29/2021,144.0554,201.7582,227.5832
11/26/2021,143.8472,201.2131,225.6504
11/25/2021,144.8205,200.9721,225.2998
11/24/2021,145.0218,200.7778,225.6341
11/23/2021,146.1853,202.4167,227.3241
11/22/2021,146.3119,202.2,227.9198
11/19/2021,147.1351,202.192,229.6092
11/17/2021,146.6883,201.3428,227.9503
11/16/2021,148.7391,202.05,229.9834
11/15/2021,148.3249,202.05,231.4988
11/12/2021,147.3092,202.3478,231.4454
11/11/2021,147.375,201.4145,231.1534
11/10/2021,149.1272,202.3848,234.5539
11/9/2021,149.6722,202.0549,234.0604
11/8/2021,148.1094,200.3103,231.4586
11/5/2021,149.6786,202.6244,233.9704
11/3/2021,150.5097,202.5566,234.5707
11/2/2021,152.3912,202.4998,234.8491
11/1/2021,151.7149,201.95,233.3835
10/29/2021,152.2305,201.8705,235.6737
10/28/2021,150.1033,200.0311,232.1261
10/27/2021,152.1422,202.2092,234.5526
10/26/2021,152.3312,203,235.5105
10/25/2021,150.9019,201.9836,235.1897
10/22/2021,150.2614,201.0455,233.7456
10/21/2021,151.266,200.5117,233.8869
10/18/2021,148.439,200.093,231.9678
10/15/2021,149.2873,201.25,233.5204
10/14/2021,147.5513,200.0018,231.8621
10/13/2021,146.86,200,231.11
10/12/2021,148.6628,202.4,233.8732
10/11/2021,148.3187,202.4,234.2173
10/8/2021,148.5306,202.98,234.4825
10/7/2021,145.6955,200.035,231.1704
10/6/2021,145.4936,200.06,231.9596
10/5/2021,145.43,200,232.1
10/4/2021,145.3116,200.14,232.1224
10/1/2021,145.0229,200.6959,232.3356
9/30/2021,143.9897,199.9857,232.1034
9/29/2021,144.7996,199.9857,233.7633
9/28/2021,145.7344,200.0335,233.8592
9/27/2021,145.65,200,234.38
9/24/2021,146.0189,200.2591,235.0942
9/23/2021,144.5577,199.9,233.803
9/22/2021,144.6529,199.6314,234.0778
9/21/2021,145.2613,199.933,234.6214
9/17/2021,145.76,200,235.27
9/16/2021,146.5546,200.0063,236.3574
9/15/2021,146.29,200,236.16
9/14/2021,147.38,200,236.33
9/13/2021,147.2,200,236.11
9/10/2021,147.67,200,236.55
9/9/2021,147.2164,199.9815,236.4581
9/8/2021,147.863,199.95,236.8808
9/7/2021,154.4206,207.3455,246.3161
9/6/2021,154.2028,207.3455,246.2124
9/3/2021,153.529,207.3455,246.3368
9/2/2021,154.623,210,248.64
9/1/2021,153.6465,210,247.842
8/31/2021,153.174,210,247.947
8/30/2021,148.1227,202.6164,239.2494
8/27/2021,144.81,200,235.11
8/26/2021,145.1237,199.95,235.1912
8/25/2021,144.7276,199.9,234.5827
8/24/2021,144.1679,199.9,234.6126
8/23/2021,143.1184,199.9,234.1829
8/20/2021,142.5887,199.9,233.4332
8/19/2021,144.0579,199.9,233.4032
8/18/2021,145.1874,199.9,234.2628
8/17/2021,146.2527,199.9217,235.3878
8/16/2021,147.0053,199.98,235.9164
8/13/2021,146.7583,199.916,234.7114
8/12/2021,147.2481,199.916,234.6614
8/11/2021,146.8083,199.916,234.3715
8/10/2021,146.3368,199.9,234.5627
8/9/2021,147.022,199.9075,235.0512
8/6/2021,147.6062,199.9,236.3318
8/5/2021,147.6361,199.9,236.5517
8/4/2021,147.916,199.9,237.2113
8/3/2021,147.2064,199.9,237.3613
8/2/2021,146.6466,199.9,237.2213
7/30/2021,147.7861,199.9,237.5312
7/29/2021,147.2188,199.9033,236.8554
7/28/2021,147.1464,199.9,236.3318
7/27/2021,147.3719,199.9076,235.9309
7/26/2021,147.0407,199.9329,235.431
7/22/2021,147.0165,199.9,235.812
7/20/2021,146.9979,199.9019,235.9142
7/19/2021,147.4819,199.8942,235.8951
7/16/2021,148.3758,199.9,235.982
7/15/2021,149.2352,199.8998,236.3915
7/14/2021,149.2054,199.9,235.4822
7/13/2021,149.7051,199.9,237.2013
7/12/2021,149.4494,199.9056,237.3579
7/9/2021,148.1759,199.9,236.6016
7/8/2021,149.1254,199.9,235.6221
7/7/2021,149.7051,199.9,236.3518
7/6/2021,151.0045,199.9,237.2213
7/5/2021,150.2208,199.9079,236.9608
7/2/2021,149.6297,200.5222,237.4584
7/1/2021,150.3541,200.78,237.9243
6/30/2021,151.276,201.1381,239.4851
6/29/2021,151.0648,199.9005,238.2114
6/28/2021,151.5769,199.8904,238.3493
6/25/2021,151.7486,199.8664,238.6904
6/23/2021,150.7099,199.8938,238.3134
6/22/2021,150.361,199.9083,238.0108
6/21/2021,150.2555,199.8743,237.2408
6/18/2021,150.859,199.8265,238.1133
6/17/2021,152.4765,199.8643,239.8771
6/16/2021,153.6775,199.7238,242.0353
6/15/2021,153.6848,199.5,241.9037
6/14/2021,153.9846,199.8891,241.9258
6/11/2021,154.7448,199.7609,243.3887
6/10/2021,154.3596,199.6761,242.9958
6/9/2021,154.6745,199.825,243.3669
6/8/2021,154.7337,199.695,243.3084
6/7/2021,154.4765,199.6853,242.8772
6/4/2021,152.949,199.6853,242.0985
6/3/2021,154.5392,199.5342,243.5814
6/2/2021,154.9018,199.5,243.8788
6/1/2021,154.9118,199.5,244.0085
5/31/2021,154.1537,199.5,243.39
5/28/2021,154.5318,199.5632,243.1578
5/25/2021,154.7366,199.5057,243.9256
5/24/2021,154.1727,199.6668,243.2241
5/21/2021,155.0025,199.9,244.4577
5/20/2021,154.379,199.6625,243.129
5/19/2021,155.4443,199.6716,244.0187
5/18/2021,155.6243,199.7873,243.0712
5/17/2021,154.6524,199.5,241.9935
5/13/2021,154.3033,199.5,241.0758
5/12/2021,155.9436,199.5695,242.1377
5/11/2021,156.4721,199.5817,242.3121
5/10/2021,156.4428,199.5062,242.4798
5/7/2021,155.2131,199.5155,240.7055
5/6/2021,154.6214,199.5887,239.7459
5/5/2021,154.3607,199.5872,239.9437
5/4/2021,154.6012,199.6915,240.5484
5/3/2021,153.8136,199.2275,239.5312
4/30/2021,155.0754,199.5437,241.827
4/29/2021,155.815,199.75,242.5165
4/28/2021,152.8354,197.5,238.6294
4/27/2021,153.7044,197.5,238.3529
4/23/2021,148.1656,191.9368,230.7176
4/22/2021,148.944,192,231.264
4/21/2021,148.0554,191.881,230.9
4/20/2021,149.5463,191.9721,231.2592
4/19/2021,150.2212,194.4485,232.3562
4/16/2021,154.5594,199.9346,238.9918
4/15/2021,154.39,200,239.49
4/12/2021,151.8916,199.91,237.643
4/9/2021,152.694,199.8744,237.9505
4/8/2021,152.204,200.0184,237.3018
4/7/2021,152.3184,199.005,236.1791
4/6/2021,152.6989,199.75,235.7749
4/5/2021,151.9736,199.375,234.6345
4/1/2021,150.9454,199.2153,233.5301
3/31/2021,151.3284,199.0377,233.0931
3/30/2021,152.5879,199.4353,234.7453
3/29/2021,151.4617,198.1705,233.6133
3/26/2021,150.9075,198.445,233.7781
3/25/2021,150.7077,198,234.0855
3/24/2021,151.1744,198.953,235.63
3/23/2021,152.6185,197.7692,235.8694
3/22/2021,152.4937,197.4667,234.778
3/19/2021,154.1234,199.2803,237.2731
3/18/2021,154.554,197.45,236.3082
3/17/2021,153.5156,198.4945,236.1688
3/16/2021,152.4514,196.775,234.664
3/15/2021,151.9003,196.0383,234.2364
3/12/2021,152.8931,196.5333,235.3093
3/10/2021,150.5795,195.9905,232.8563
3/9/2021,149.4989,195.5,231.7262
3/8/2021,150.4861,195.5,232.948
3/5/2021,150.3714,195.3636,233.5572
3/4/2021,152.0366,195.2692,235.3873
3/3/2021,153.0795,195.6288,236.4174
3/2/2021,150.8056,194.5,234.0516
3/1/2021,150.4974,194.0149,234.4088
2/25/2021,154.5014,194.0119,235.9476
2/24/2021,154.0125,194.056,235.9624
2/23/2021,153.7775,194.2126,236.3859
2/22/2021,153.5908,194.8257,236.119
2/19/2021,151.2621,194.85,235.4762
2/18/2021,151.1159,194.85,234.6676
2/17/2021,151.1022,194.958,235.7627
2/16/2021,151.3658,193.9717,235.5786
2/15/2021,150.716,193.9717,235.2877
2/12/2021,150.7273,194.625,235.9634
2/11/2021,150.1443,194.5,235.6854
2/10/2021,150.2689,194.309,235.4734
2/9/2021,150.1804,194.358,234.697
2/8/2021,148.6253,193.7369,233.1333
2/5/2021,147.6655,194.4118,232.5748
2/3/2021,147.7801,194.0008,233.7031
2/2/2021,147.3705,192.5656,232.7252
2/1/2021,145.9869,190.9824,231.6235
1/29/2021,148.8092,194.3948,235.3343
1/27/2021,151.5392,195.863,238.1106
1/26/2021,151.2822,196.1519,238.2069
1/25/2021,152.0588,196.8017,239.5372
1/22/2021,152.1901,196.425,239.0983
1/21/2021,151.3288,194.798,236.1828
1/20/2021,150.4035,194.798,236.6114
1/19/2021,149.33,193.6458,234.234
1/18/2021,148.346,192.7447,232.8549
1/15/2021,148.3591,191.0367,232.0332
1/13/2021,145.3411,186.994,228.4506
1/12/2021,143.9433,187,227.0928
1/11/2021,144.4693,187.5251,228.3587
1/8/2021,143.9016,185.5,227.3488
1/7/2021,144.1428,185,227.9385
1/6/2021,143.3288,185,227.3188
1/5/2021,142.3113,185,226.9025
1/4/2021,142.9397,185.275,227.0452
1/1/2021,142.8435,185.3906,226.4361
12/31/2020,143.6648,186.4082,229.4219
12/30/2020,143.5408,187.9667,230.9453
12/28/2020,144.8351,190.2846,232.3375
12/24/2020,144.4141,190.2188,232.3142
12/23/2020,142.7108,189.2842,230.3778
12/22/2020,142.1077,187.7,229.6134
12/21/2020,142.2476,187.86,229.1422
12/18/2020,142.9939,187.878,230.2539
12/17/2020,142.5842,188.0686,229.6036
12/16/2020,141.827,187.8877,228.3399
12/15/2020,140.6188,186.7323,227.0571
12/14/2020,140.1754,186.02,225.6702
12/11/2020,140.5842,185.9087,225.972
12/10/2020,138.7172,185.9231,224.7438
12/9/2020,138.1003,186.1692,225.5347
12/8/2020,138.2142,186.2349,225.5025
12/7/2020,137.8189,185.4773,225.0953
12/4/2020,138.5809,186.5279,226.5008
12/3/2020,138.4658,186.8761,226.4471
12/2/2020,136.9078,185.6,224.1398
12/1/2020,136.7024,185.8,222.1239
11/30/2020,136.778,184.9601,221.4157
11/27/2020,136.2843,185.2192,220.6516
11/26/2020,136.5425,185.5071,221.1801
11/25/2020,136.3524,185.4,220.6445
11/24/2020,135.5798,185.4844,219.6692
11/23/2020,135.4967,185.1174,219.8177
11/20/2020,134.3998,184.6405,219.2144
11/19/2020,134.834,184.9321,219.0798
11/18/2020,134.6627,184.9,219.2267
11/17/2020,135.4642,185.0098,219.5141
11/16/2020,134.5904,184.6106,218.6897
11/13/2020,133.3576,184.6036,217.8692
11/12/2020,134.3877,184.5985,217.4663
11/11/2020,134.6061,184.5183,218.239
11/10/2020,134.4709,184.6113,218.4875
11/9/2020,134.3377,184.4664,219.3582
11/6/2020,133.9289,184.437,217.9861
11/5/2020,131.937,184.3855,216.0721
11/4/2020,130.6694,184.431,214.6777
11/3/2020,130.103,184.4256,214.8097
11/2/2020,129.3282,184.2938,214.5733
10/29/2020,130.1087,184.2769,216.6451
10/28/2020,131.4231,184.2983,217.1034
10/27/2020,131.5113,184.3315,217.9351
10/26/2020,131.4661,184.5397,218.5596
10/23/2020,131.2593,184.3012,217.5031
10/22/2020,130.7881,184.3514,218.3181
10/21/2020,130.5139,184.4198,218.3715
10/20/2020,129.8479,184.3122,216.9078
10/19/2020,130.7753,184.3203,215.8852
10/16/2020,130.7727,184.6942,216.1661
10/15/2020,131.6872,184.6039,216.9096
10/14/2020,132.0678,184.2721,216.3723
10/13/2020,131.9919,184.1919,217.1991
10/12/2020,133.0687,184.1909,217.6492
10/9/2020,132.2404,184.1916,216.858
10/8/2020,131.6579,184.4723,217.0224
10/7/2020,131.4877,184.7127,216.7326
10/6/2020,132.8816,184.7631,217.8449
10/5/2020,132.6302,184.5675,216.553
10/2/2020,132.5421,184.9467,216.9795
9/30/2020,132.4444,185.5224,217.9703
9/29/2020,131.2499,185.2765,216.2455
9/28/2020,130.7027,185.1969,215.4581
9/25/2020,130.5946,185.0175,215.9154
9/24/2020,130.6314,185.0959,215.8866
9/23/2020,132.2043,185.3808,216.5619
9/22/2020,133.8069,185.5337,218.2155
9/21/2020,135.6339,185.3935,219.9138
9/18/2020,135.2813,184.9621,219.1154
9/17/2020,134.5713,184.8888,217.5587
9/16/2020,134.915,184.4109,218.4716
9/15/2020,134.6473,184.2087,218.8584
9/14/2020,134.4068,184.5487,218.6902
9/11/2020,134.34,184.736,218.6812
9/10/2020,134.0155,184.3531,217.8961
9/9/2020,133.1062,184.3959,217.1538
9/8/2020,134.4654,184.7814,218.116
9/7/2020,134.918,185.2125,219.1805
9/4/2020,134.7005,185.2317,219.5459
9/3/2020,135.8472,185.4189,219.4247
9/2/2020,136.8303,186.1004,221.6084
8/31/2020,137.1704,186.1578,221.6674
8/28/2020,135.4692,186.2504,220.4087
8/27/2020,134.7411,186.3253,220.4228
8/26/2020,133.9993,186.1231,220.072
8/25/2020,132.5488,184.7242,217.9838
8/24/2020,132.107,184.1213,217.3
8/21/2020,133.9569,186.0642,220.7745
8/20/2020,132.9243,185.2732,219.3357
8/19/2020,133.2359,184.0783,219.6882
8/18/2020,132.3464,183.3052,218.0232
8/17/2020,131.4809,182.8155,216.8192
8/14/2020,130.4177,182.645,215.7403
8/13/2020,131.5602,183.4614,216.6404
8/12/2020,131.2699,184.2772,216.0742
8/11/2020,132.6124,184.8127,217.1457
8/10/2020,132.8441,185.3294,218.6331
8/7/2020,133.7419,185.4435,219.7135
8/6/2020,133.3299,185.5025,220.1544
8/5/2020,133.3014,185.5532,219.1754
8/4/2020,132.2312,185.6137,218.3838
7/31/2020,133.8638,185.6769,220.7048
7/30/2020,133.2372,185.7224,218.6324
7/29/2020,133.0867,185.7586,217.7741
7/28/2020,133.2383,185.7498,218.4418
7/27/2020,132.3412,185.7681,217.2094
7/24/2020,132.0865,185.7495,215.683
7/23/2020,132.6454,185.7909,215.0158
7/22/2020,132.5976,185.776,214.3948
7/21/2020,130.497,185.7477,212.8483
7/20/2020,129.6739,185.7792,212.1134
7/17/2020,129.84,185.8043,211.5661
7/16/2020,129.7965,185.8084,211.8866
7/15/2020,130.1705,185.8384,212.0323
7/14/2020,128.9571,185.9109,210.823
7/13/2020,129.5396,185.8664,210.4937
7/10/2020,128.8949,185.7142,209.3278
7/9/2020,129.5963,185.8278,210.7659
7/8/2020,128.9216,185.8464,209.5232
7/7/2020,129.5504,185.8686,210.2917
7/6/2020,129.3508,185.9691,209.6151
7/3/2020,128.8777,186.0915,209.2785
7/2/2020,128.8372,186.2482,209.6689
7/1/2020,128.6595,186.2067,209.3056
6/30/2020,128.1164,186.2292,209.4054
6/29/2020,128.0956,186.1179,209.2058
6/26/2020,128.28,186.44,209.1577
6/25/2020,128.0036,186.5942,209.8625
6/24/2020,129.7725,186.6693,211.3656
6/23/2020,129.1759,186.603,210.2269
6/22/2020,127.7724,186.5972,208.8676
6/19/2020,127.8223,186.5611,209.0697
6/18/2020,127.8733,186.6082,209.673
6/17/2020,127.5461,185.9544,209.3661
6/16/2020,128.9398,185.6585,210.4068
6/15/2020,126.6353,185.1799,208.5033
6/12/2020,126.414,185.1677,209.1099
6/11/2020,129.1795,185.1107,210.7948
6/10/2020,128.7826,185.0856,209.8871
6/9/2020,129.4297,185.0714,208.8531
6/8/2020,129.512,185.4808,209.5284
6/4/2020,128.1885,185.7939,208.4422
6/3/2020,128.775,185.8628,207.8968
6/2/2020,126.1478,186.1136,206.9769
6/1/2020,125.2108,186.1456,207.2731
5/29/2020,123.629,186.2865,206.5079
5/28/2020,123.2828,186.1153,205.1177
5/27/2020,123.5206,186.081,203.9727
5/26/2020,121.8533,185.6954,202.6123
5/22/2020,122.3021,186.9062,204.4473
5/21/2020,122.8138,187.2876,205.2485
5/20/2020,122.764,187.6121,205.2289
5/19/2020,122.515,187.59,204.6513
5/18/2020,121.2703,187.9868,203.4769
5/15/2020,121.3096,188.0186,203.0601
5/14/2020,121.0191,188.1954,203.4957
5/13/2020,121.8835,188.4262,204.4424
5/12/2020,121.113,188.1075,203.0526
5/11/2020,123.4903,188.3479,204.3198
5/6/2020,121.5812,188.952,204.824
5/5/2020,122.6992,190.1281,207.4868
5/4/2020,122.7355,191.9692,210.1583
4/30/2020,126.1914,192.85,209.5508
4/29/2020,125.8188,192.7667,209.2097
4/28/2020,123.9796,192.5,208.3524
4/27/2020,123.5136,192,207.8016
4/24/2020,122.016,192,206.7744
4/23/2020,121.4425,192.72,208.3207
4/22/2020,121.6939,192.6909,209.1563
4/21/2020,122.6359,194.8458,211.0083
4/20/2020,121.6964,191.7233,208.3553
4/17/2020,122.7164,192.6776,209.3538
4/16/2020,120.5934,191.6919,208.6375
4/15/2020,123.7206,192.9366,211.9409
4/9/2020,124.367,199.7543,216.9032
4/8/2020,121.9499,198.4216,215.7041
4/6/2020,117.2515,194.8023,210.6202
4/3/2020,115.8224,191,207.3305
4/2/2020,115.5675,190,207.9455
4/1/2020,116.4422,190.1563,209.3906
3/31/2020,116.4562,188.6236,207.9575
3/30/2020,117.0623,190.5,211.3407
3/27/2020,115.433,189.25,209.5471
3/26/2020,111.3169,189.25,206.2825
3/25/2020,112.916,189.25,204.4941
3/24/2020,111.0032,187,202.1096
3/23/2020,107.6559,187,200.3986
3/20/2020,110.2282,186.9384,200.912
3/19/2020,103.348,184.9298,201.8231
3/18/2020,111.1993,185.0854,203.7605
3/17/2020,112.2387,183.6968,205.4098
3/13/2020,115.4327,182.8203,204.4571
3/12/2020,117.9532,182.4348,206.498
3/11/2020,118.8202,182.4495,206.5146
3/10/2020,119.1722,181.8312,207.2603
3/6/2020,119.905,181.9223,204.4534
3/5/2020,120.416,182.0347,202.814
3/4/2020,120.3374,182.1086,203.4153
3/3/2020,118.6811,182.0821,202.8759
3/2/2020,118.8159,181.9261,201.183
2/28/2020,119.2655,181.8071,199.7878
2/27/2020,119.0504,181.687,198.1842
2/26/2020,119.9886,181.7458,197.5486
2/25/2020,120.2744,181.7795,197.4034
2/24/2020,120.2069,181.8423,196.8716
2/20/2020,120.8982,181.8976,196.4403
2/19/2020,121.6036,181.6199,196.1586
2/18/2020,121.3732,181.5334,196.5099
2/17/2020,122.0515,181.4757,196.7106
2/14/2020,122.0118,181.4571,196.6178
2/13/2020,122.0692,181.4481,197.2794
2/12/2020,122.18,181.424,198.0787
2/11/2020,121.5904,181.4241,198.0244
2/10/2020,121.5185,181.3709,198.6374
2/7/2020,121.8882,181.3408,199.1666
2/6/2020,122.5157,181.3973,199.4917
2/5/2020,122.2618,181.4781,200.2883
2/3/2020,121.4303,181.4017,201.0475
1/31/2020,121.9984,181.5857,200.2799
1/30/2020,122.3481,181.4984,199.8751
1/29/2020,122.8174,181.5348,199.9697
1/28/2020,122.5583,181.5275,200.0252
1/27/2020,123.4355,181.4427,200.1676
1/24/2020,124.1608,181.4156,200.5096
1/23/2020,124.7256,181.4718,201.2341
1/22/2020,123.9602,181.3344,200.9004
1/21/2020,124.3799,181.3382,201.1675
1/20/2020,124.7773,181.3097,201.1903
1/17/2020,125.1804,181.3814,202.0861
1/16/2020,125.4085,181.5279,202.449
1/14/2020,124.9528,181.3012,201.9061
1/13/2020,125.3602,181.4054,201.7319
1/9/2020,124.7002,181.4217,201.6684
1/8/2020,124.551,181.3102,202.2425
1/7/2020,125.7918,181.4523,203.0723
1/6/2020,125.9629,181.3198,202.4708
1/3/2020,126.4503,181.3687,202.7067
1/2/2020,127.0002,181.028,203.1496
1/1/2020,127.3321,181.5011,203.5081
12/31/2019,127.2528,181.634,203.6662
12/30/2019,126.8611,181.3597,203.1138
12/27/2019,126.0256,181.3709,201.5575
12/26/2019,125.6457,181.3985,201.18
12/24/2019,125.4554,181.294,200.9825
12/23/2019,125.3159,181.3806,200.8972
12/20/2019,125.0448,181.3295,201.584
12/19/2019,124.5343,181.1935,201.5868
12/18/2019,123.9193,181.1156,201.6722
12/17/2019,124.4574,181.2795,201.9907
12/16/2019,124.5683,181.0586,201.5273
12/13/2019,125.1575,180.8635,202.1873
12/12/2019,124.7593,181.1914,201.8382
12/10/2019,123.8958,181.2534,200.6656
12/9/2019,123.9755,181.4231,200.5814
12/6/2019,124.0524,181.2836,201.3789
12/5/2019,124.1405,181.3196,200.9746
12/4/2019,124.0328,181.4671,201.0565
12/3/2019,123.4063,180.9742,200.3656
12/2/2019,122.5516,180.8879,199.3385
11/29/2019,122.0895,180.4323,198.692
11/28/2019,122.5105,181.001,199.2188
11/27/2019,122.9797,181.1855,199.603
11/26/2019,122.3097,180.491,198.7116
11/25/2019,122.3632,179.9723,198.4195
11/22/2019,121.8763,179.4674,198.5538
11/21/2019,121.7032,179.1466,198.4049
11/20/2019,122.2707,179.2694,198.496
11/19/2019,122.2216,179.9096,199.1689
11/18/2019,122.8691,180.2128,199.3063
11/15/2019,122.4381,180.2548,198.767
11/14/2019,122.6069,180.1982,198.245
11/13/2019,123.5073,180.6983,198.9217
11/8/2019,124.4287,180.9083,199.9399
11/7/2019,124.012,180.5518,199.7715
11/6/2019,124.1071,180.0088,199.3957
11/5/2019,124.4248,180.7581,201.0572
11/4/2019,125.3491,181.2844,202.4494
11/1/2019,125.2573,181.3352,202.4426
10/31/2019,125.6861,181.6011,202.7304
10/30/2019,124.6237,181.5614,201.7147
10/29/2019,124.271,181.4573,201.4085
10/28/2019,123.5724,181.3109,200.8653
10/25/2019,123.4322,181.1849,201.1787
10/24/2019,124.3898,181.4849,202.1833
10/23/2019,124.2607,181.6278,201.9974
10/22/2019,124.8591,181.8116,202.7472
10/21/2019,124.9015,181.9793,203.0434
10/18/2019,124.4157,182.0273,202.5145
10/17/2019,123.4474,181.8746,201.4898
10/16/2019,122.3952,181.7571,200.3872
10/15/2019,122.5916,180.7469,199.3006
10/14/2019,122.5266,180.6777,199.2333
10/11/2019,122.3493,180.6293,199.0083
10/10/2019,121.7339,180.4535,198.3545
10/9/2019,121.7728,180.6316,198.0625
10/8/2019,122.1453,181.0633,198.7532
10/7/2019,122.5288,181.457,199.3033
10/4/2019,122.7314,181.6494,199.4692
10/3/2019,122.2929,182.119,199.5751
10/2/2019,122.4236,182.3272,199.4021
10/1/2019,122.5384,181.9427,198.1265
9/30/2019,123.0374,181.9272,198.9374
9/27/2019,122.7636,181.7509,198.4447
9/26/2019,122.5982,181.4791,198.892
9/25/2019,123.2952,181.4365,199.6527
9/24/2019,122.7718,181.2799,199.2447
9/23/2019,122.704,181.0995,199.6531
9/20/2019,122.8252,180.9846,200.0513
9/19/2019,122.8144,180.8088,199.5044
9/18/2019,123.7474,180.6267,199.8905
9/17/2019,123.5012,180.4781,198.7425
9/16/2019,123.9071,180.3466,199.7339
9/12/2019,123.8942,180.3541,198.5608
9/11/2019,123.726,180.3981,199.3489
9/10/2019,123.779,180.5674,199.3825
9/9/2019,123.9369,180.8506,199.4149
9/6/2019,123.0754,180.6611,199.3505
9/5/2019,123.1733,180.5399,199.1445
9/4/2019,122.1482,180.2128,197.7565
9/3/2019,120.3887,179.6846,196.53
9/2/2019,121.1515,180.0171,197.8298
8/30/2019,121.3202,180.7243,199.6913
8/29/2019,121.1703,180.0718,199.5466
8/28/2019,121.2317,179.6824,199.2318
8/27/2019,121.6455,179.8292,199.7273
8/26/2019,121.1609,179.9776,200.639
8/23/2019,121.3017,179.4669,198.7506
8/22/2019,120.8373,178.3839,197.8188
8/21/2019,120.5412,177.7501,197.2582
8/20/2019,120.2532,177.3646,196.6264
8/19/2019,119.9599,177.0103,196.3133
8/16/2019,120.0529,177.043,196.4735
8/15/2019,119.9491,176.9031,197.1231
8/13/2019,119.6106,176.8472,198.0777
8/9/2019,120.7585,177.3123,198.51
8/8/2019,120.2267,177.5744,199.0343
8/7/2019,119.1978,177.2986,198.6985
8/6/2019,119.8215,176.8192,198.5238
8/5/2019,119.5102,176.5943,196.3729
8/2/2019,120.1442,176.4103,195.5155
8/1/2019,120.9118,176.3463,194.8274
7/31/2019,121.2633,176.242,196.5627
7/30/2019,121.6829,176.186,196.2976
7/29/2019,121.7262,176.1722,196.1413
7/26/2019,122.3358,176.1621,196.3855
7/25/2019,123.0094,176.1681,196.216
7/24/2019,122.8941,176.0787,196.2397
7/23/2019,123.5714,175.8648,196.9422
7/22/2019,123.785,175.8185,197.1892
7/19/2019,124.1807,175.6818,197.8616
7/18/2019,123.3781,175.6897,197.3874
7/17/2019,123.1441,175.6066,196.8726
7/15/2019,123.4012,175.5101,197.7385
7/12/2019,122.6131,175.4623,197.6758
7/11/2019,122.2149,175.5204,197.6799
7/10/2019,121.7407,175.9131,197.137
7/9/2019,122.6136,176.1689,197.5294
7/8/2019,123.0422,176.1646,197.7624
7/5/2019,123.6954,176.0788,198.6345
7/4/2019,123.9102,176.0964,198.7248
7/3/2019,123.2913,176.3445,199.1194
7/2/2019,122.9987,176.3296,198.9174
7/1/2019,123.6114,176.5246,200.4084
6/28/2019,123.6503,176.5424,200.7022
6/27/2019,123.516,176.5776,200.6275
6/26/2019,122.8803,176.4128,200.3697
6/25/2019,123.0589,176.6818,201.5144
6/24/2019,122.8867,176.7773,201.1284
6/21/2019,122.4687,176.6842,199.6796
6/20/2019,121.7646,176.765,199.0462
6/19/2019,121.6017,176.8237,197.9895
6/18/2019,121.0566,176.8799,198.6892
6/17/2019,121.5892,176.7413,198.3391
6/14/2019,121.8503,176.6075,199.1956
6/13/2019,122.0746,176.4977,199.3895
6/12/2019,122.6514,176.4514,199.8753
6/11/2019,122.794,176.4789,199.6241
6/10/2019,123.175,176.4305,199.587
6/7/2019,123.0994,176.4107,198.859
6/6/2019,122.9477,176.4209,198.0413
6/4/2019,122.9875,176.5159,198.5539
6/3/2019,122.7127,176.4889,197.394
5/31/2019,121.963,176.4128,196.4268
5/30/2019,121.9708,176.2329,196.2618
5/29/2019,122.1365,176.3195,196.8607
5/28/2019,121.8773,176.1232,196.9498
5/27/2019,122.3947,176.4884,197.8876
5/24/2019,121.6648,176.6843,197.5596
5/23/2019,121.3491,176.662,196.9605
5/22/2019,121.2145,176.1838,196.6828
5/21/2019,121.5834,175.8892,196.3891
5/17/2019,121.5533,176.2791,197.0536
5/16/2019,122.0084,176.4147,197.6991
5/15/2019,122.4405,176.7966,198.0918
5/14/2019,122.825,176.5361,198.3295
5/13/2019,122.8926,176.1648,197.8595
5/10/2019,123.0195,175.529,197.1366
5/9/2019,122.7438,176.103,197.0064
5/8/2019,124.3377,177.2202,198.5132
5/7/2019,124.2985,177.62,198.9966
5/6/2019,123.3884,176.939,197.9594
5/3/2019,123.6993,176.8017,197.6113
5/2/2019,123.5789,175.9381,197.1386
4/30/2019,123.6842,175.4635,196.3437
4/29/2019,123.6143,175.24,195.4715
4/26/2019,122.957,175.0153,194.9233
4/25/2019,122.6628,174.7458,194.9639
4/24/2019,122.9114,174.59,195.7852
4/23/2019,124.5692,174.7604,196.5792
4/22/2019,124.5717,174.4335,196.0458
4/18/2019,125.4101,174.6659,197.2764
4/17/2019,125.6328,174.6477,197.3781
4/16/2019,124.78,174.6152,197.2715
4/12/2019,124.4923,174.6648,197.1791
4/11/2019,125.0877,174.7157,197.0182
4/10/2019,124.3016,174.7282,196.6828
4/9/2019,124.4799,174.7209,196.8231
4/8/2019,124.078,174.844,196.2187
4/5/2019,124.4596,174.7415,196.1473
4/4/2019,124.339,174.6211,196.3178
4/3/2019,123.8712,174.5033,195.8189
4/2/2019,124.1962,174.7519,195.792
4/1/2019,125.0742,175.555,197.1219
3/29/2019,124.8674,176.13,197.8028
3/28/2019,125.0325,176.4251,198.54
3/27/2019,126.3346,177.8233,200.1401
3/26/2019,126.8293,178.156,201.5835
3/25/2019,125.9857,178.0969,201.205
3/22/2019,126.4789,178.1267,202.5924
3/21/2019,127.8326,178.4624,204.0093
3/19/2019,126.6964,178.408,202.3414
3/18/2019,126.7417,178.7486,202.4596
3/15/2019,126.6649,178.88,202.4117
3/14/2019,126.6382,178.9307,202.7195
3/13/2019,126.0678,178.7689,201.7854
3/12/2019,126.2331,178.5096,200.9929
3/11/2019,125.481,178.3794,200.3468
3/8/2019,125.3527,178.4507,199.7845
3/7/2019,125.7005,178.5012,201.8224
3/6/2019,126.85,179.5852,202.9762
3/5/2019,127.115,179.6806,203.632
3/1/2019,127.6654,180.1021,204.7131
2/28/2019,128.3858,179.7994,204.5668
2/27/2019,129.0452,179.8414,204.7314
2/26/2019,128.6377,179.7118,204.1526
2/25/2019,128.3476,179.482,203.5595
2/22/2019,127.4505,179.5583,203.5922
2/21/2019,128.4978,179.6042,203.6263
2/20/2019,128.9286,179.6789,204.0254
2/18/2019,127.8524,178.7021,202.255
2/15/2019,126.6232,178.6319,201.6308
2/14/2019,126.785,178.5202,201.2012
2/13/2019,126.7955,178.2212,202.0226
2/12/2019,125.7891,177.7812,200.5283
2/11/2019,126.3067,177.9469,201.5338
2/8/2019,125.466,177.5755,201.3085
2/7/2019,126.4925,178.0456,202.242
2/6/2019,127.5798,177.824,202.8083
2/5/2019,127.9334,177.5497,203.1257
2/1/2019,129.4922,178.7208,204.4834
1/31/2019,130.5314,179.8821,206.7745
1/30/2019,130.5534,181.5259,207.6566
1/29/2019,130.045,181.6271,207.5725
1/28/2019,130.6346,181.6262,207.2718
1/25/2019,128.9662,181.8987,205.7547
1/24/2019,130.0173,182.263,207.4882
1/23/2019,129.7136,181.85,206.6725
1/22/2019,129.9789,181.7506,206.6232
1/21/2019,130.2443,181.7405,206.7753
1/18/2019,131.2374,182.3121,207.7538
1/17/2019,130.7153,182.385,207.8551
1/16/2019,131.1623,182.2205,207.7678
1/14/2019,131.0527,181.8156,208.6698
1/11/2019,131.0771,182.292,209.9639
1/10/2019,130.7235,182.6258,210.9419
1/9/2019,130.6286,182.4676,208.9345
1/8/2019,130.3191,182.5069,208.9704
1/7/2019,130.3471,182.8278,208.7711
1/4/2019,128.3714,182.8783,208.5087
1/3/2019,126.8203,182.8568,207.643
1/2/2019,127.9559,182.5464,209.0065
1/1/2019,129.236,182.9113,209.7352
12/31/2018,128.8661,182.7499,208.9928
12/28/2018,128.4697,182.2783,208.736
12/27/2018,128.2949,181.7208,206.8346
12/26/2018,127.7472,181.472,207.0958
12/24/2018,127.9535,181.2244,206.3149
12/21/2018,128.7281,180.7979,207.095
12/20/2018,128.2644,180.4,205.3223
12/19/2018,129.5234,180.0312,204.9565
12/18/2018,129.3457,179.8466,204.2248
12/17/2018,129.0467,179.8685,203.4313
12/14/2018,129.0743,179.6566,204.0629
12/13/2018,129.6737,179.4668,203.9909
12/12/2018,129.4647,179.1527,203.0427
12/11/2018,128.753,178.8981,203.3266
12/10/2018,128.9975,178.8155,204.4845
12/7/2018,129.3714,179.1104,203.7112
12/6/2018,129.5096,179.1033,203.2285
12/5/2018,130.8938,178.9267,202.7866
12/4/2018,131.4976,178.8232,203.2236
12/3/2018,132.1798,179.6165,203.8288
11/30/2018,131.5021,179.6722,204.6916
11/29/2018,131.3806,180.0474,204.7679
11/28/2018,130.4682,180.3916,203.6892
11/27/2018,130.0674,180.1114,204.1473
11/26/2018,129.8326,179.4631,203.3855
11/23/2018,129.3657,178.3986,203.5439
11/21/2018,128.0306,177.1682,201.4668
11/19/2018,129.2687,176.5966,201.4967
11/16/2018,128.3992,176.4816,200.0772
11/15/2018,128.1599,176.2254,199.5929
11/14/2018,127.066,176.0527,198.9484
11/13/2018,126.103,175.5942,197.2274
11/12/2018,126.8279,175.2614,198.5098
11/9/2018,126.9486,175.1377,198.8251
11/8/2018,127.0405,174.8183,199.7649
11/7/2018,126.0379,174.5314,199.1927
11/5/2018,125.3955,174.342,198.5668
11/2/2018,125.5918,174.4937,198.8792
11/1/2018,124.7217,175.3557,198.792
10/31/2018,125.2457,174.3762,197.8124
10/30/2018,123.0242,173.9718,197.9799
10/29/2018,122.5363,172.9639,197.0405
10/26/2018,122.1286,172.8276,196.4704
10/25/2018,122.2858,172.7322,197.1047
10/23/2018,121.6845,172.1625,197.3671
10/22/2018,121.9881,171.6692,197.5397
10/19/2018,121.6466,171.2367,196.2116
10/18/2018,121.7984,170.9331,196.5474
10/17/2018,121.9533,170.9227,197.6977
10/16/2018,121.5993,170.3548,197.3646
10/15/2018,121.5154,170.9078,197.4412
10/12/2018,122.0152,171.3456,198.8551
10/11/2018,121.2057,171.3034,198.0439
10/10/2018,121.6877,170.9457,196.75
10/9/2018,121.0248,170.6859,196.1352
10/8/2018,120.0201,170.2896,196.0544
10/5/2018,120.0761,170.0072,195.6783
10/4/2018,120.3284,169.5961,194.5776
10/3/2018,121.7277,169.2425,196.1267
10/2/2018,122.253,169.1966,195.752
10/1/2018,122.2851,169.2762,196.3604
9/28/2018,122.0885,169.2383,197.0949
9/27/2018,122.4636,168.8687,198.3363
9/26/2018,122.8801,168.803,198.5714
9/25/2018,122.0715,168.642,197.8761
9/21/2018,122.4698,168.0316,197.9496
9/20/2018,120.8462,166.4663,194.4493
9/19/2018,119.7275,165.6326,193.169
9/18/2018,117.8464,164.4062,191.9771
9/17/2018,116.7265,163.1284,189.7346
9/14/2018,117.0487,162.805,190.3679
9/13/2018,116.7895,162.5011,189.07
9/12/2018,115.2307,162.2853,188.1049
9/11/2018,115.4308,162.3613,188.0631
9/10/2018,114.938,161.7706,186.8612
9/7/2018,116.3588,161.9807,188.2783
9/6/2018,116.6543,162.0424,188.7308
9/5/2018,116.7547,161.8671,187.8306
9/4/2018,116.1919,161.5684,187.4274
9/3/2018,115.8939,161.4909,187.3375
8/31/2018,117.0679,161.473,188.326
8/30/2018,117.6144,161.3587,188.822
8/29/2018,118.4973,161.2647,188.6313
8/28/2018,118.1365,161.0916,188.0503
8/27/2018,117.8315,160.8731,187.1598
8/24/2018,116.6524,160.8,185.6838
8/23/2018,117.0895,160.6166,185.6567
8/21/2018,118.0059,160.596,184.9022
8/20/2018,117.2766,160.466,183.4367
8/17/2018,116.6314,160.4394,182.6041
8/16/2018,116.4085,160.1768,182.2812
8/15/2018,115.6392,160.1096,181.4602
8/14/2018,116.5249,160.0946,182.7
8/13/2018,116.4392,160.0429,182.1528
8/10/2018,117.9796,160.0374,184.5711
8/9/2018,118.8986,159.8744,185.6701
8/8/2018,118.6136,159.8027,185.4271
8/7/2018,118.1918,159.859,184.837
8/6/2018,118.2522,159.8111,184.7736
8/3/2018,117.5837,159.6628,184.9773
8/2/2018,118.1172,159.5855,186.1006
8/1/2018,118.5019,159.7491,186.6748
7/31/2018,118.4879,159.7087,186.979
7/30/2018,117.9932,159.612,186.0358
7/26/2018,118.7162,159.5434,187.1604
7/25/2018,118.1265,159.4795,186.304
7/24/2018,117.7181,159.5204,186.4155
7/23/2018,118.7512,160.0312,187.8766
7/20/2018,117.5664,159.9869,186.3047
7/19/2018,118.7994,160.01,186.2756
7/18/2018,118.1305,159.8951,186.4377
7/17/2018,118.5065,159.82,187.1173
7/16/2018,118.2581,159.4635,186.3012
7/13/2018,118.2063,159.3721,186.0351
7/12/2018,117.492,159.3652,186.035
7/11/2018,118.2533,159.3281,186.9317
7/10/2018,119.0189,159.2333,187.0832
7/9/2018,118.6248,159.0784,187.0603
7/6/2018,117.2419,158.8105,185.6257
7/5/2018,116.9967,158.5859,184.9032
7/4/2018,117.369,158.4355,184.8784
7/3/2018,116.4084,158.4435,184.3728
7/2/2018,117.0543,158.3634,184.628
6/29/2018,116.2476,158.2569,183.1032
6/28/2018,116.6683,158.6676,183.5229
6/26/2018,117.6176,158.6426,185.8736
6/25/2018,118.051,158.9913,185.2885
6/22/2018,117.8724,159.6106,185.2281
6/21/2018,118.0926,160.0279,185.2403
6/20/2018,118.3135,159.8939,185.2611
6/19/2018,118.4615,159.8239,185.9711
6/18/2018,118.8794,159.8809,185.222
6/14/2018,120.602,159.6003,188.2007
6/13/2018,120.7898,159.6587,187.5431
6/12/2018,121.0297,159.1135,187.1334
6/11/2018,120.8941,158.9143,187.4871
6/8/2018,120.9508,158.8323,187.4221
6/7/2018,121.4359,158.636,187.0398
6/6/2018,121.3542,158.5708,185.8846
6/5/2018,121.0323,158.5126,185.3171
6/4/2018,120.5288,158.5905,185.3289
6/1/2018,119.6378,158.1255,184.9199
5/31/2018,119.516,158.09,184.3013
5/30/2018,118.2936,157.9986,182.0618
5/28/2018,119.6783,158.0433,184.9818
5/25/2018,119.609,158.0561,185.0126
5/24/2018,119.4556,157.9682,184.9334
5/23/2018,119.3207,157.8943,185.7074
5/22/2018,119.6646,157.8376,185.9564
5/21/2018,118.8402,157.8118,185.5157
5/18/2018,118.779,158.0664,186.6053
5/17/2018,119.5782,158.5077,187.5939
5/16/2018,117.9977,158.0362,186.9331
5/15/2018,118.8912,157.9215,188.4398
5/14/2018,119.2642,157.8822,188.8429
5/11/2018,118.8356,157.8791,188.0814
5/10/2018,117.886,157.7914,187.2195
5/9/2018,117.2163,157.5276,186.8199
5/8/2018,118.4129,157.7261,188.0805
5/4/2018,119.1399,157.8326,189.2807
5/3/2018,118.5939,157.7781,188.9629
5/2/2018,118.2995,157.7642,189.4354
5/1/2018,118.7273,157.4737,190.1495
4/27/2018,119.0936,157.6459,190.9092
4/26/2018,119.2859,157.4628,191.7188
4/25/2018,119.1795,157.1356,192.1061
4/24/2018,119.3119,156.7727,191.3724
4/23/2018,119.955,156.3441,191.9124
4/20/2018,120.5347,156.2545,192.8337
4/19/2018,121.5477,156.422,193.5331
4/18/2018,121.4142,156.3307,193.4983
4/17/2018,121.194,155.9267,193.0451
4/16/2018,121.1156,155.7456,192.1979
4/12/2018,120.8074,155.7097,192.5895
4/11/2018,120.6196,155.5679,192.2586
4/10/2018,120.2361,155.5146,191.4462
4/9/2018,119.5191,155.5327,190.7842
4/6/2018,119.5275,155.5234,190.6017
4/5/2018,120.2572,156.0464,191.6094
4/4/2018,119.8571,155.4869,190.9457
4/3/2018,119.1551,155.3218,191.1468
4/2/2018,119.6997,155.8286,192.0198
3/29/2018,119.358,155.9725,192.2205
3/28/2018,120.1375,156.0632,193.8149
3/27/2018,120.7245,156.1261,194.3302
3/26/2018,120.6047,156.1428,193.1408
3/23/2018,120.3176,156.0539,192.4535
3/22/2018,120.8443,155.9482,192.791
3/21/2018,120.14,156.1578,191.4104
3/20/2018,120.4412,156.1535,192.8261
3/19/2018,120.2212,156.0808,191.4955
3/16/2018,121.5215,155.9768,191.984
3/15/2018,122.7904,155.8155,192.8606
3/14/2018,122.6583,155.7566,193.2939
3/13/2018,122.5714,155.6067,191.9486
3/12/2018,122.3145,155.478,191.5023
3/9/2018,121.0562,155.5392,191.391
3/8/2018,121.5814,155.2665,192.5848
3/7/2018,120.8964,155.0849,192.5069
3/6/2018,120.698,155.1488,191.6553
3/5/2018,120.3319,155.2269,191.3637
3/2/2018,120.1932,154.978,190.158
2/28/2018,120.6684,154.8718,189.354
2/27/2018,121.8359,155.0075,191.2715
2/26/2018,122.0012,155.2474,191.1484
2/23/2018,121.5649,155.2255,191.1912
2/22/2018,121.2309,155.3944,190.8632
2/21/2018,122.3685,155.3787,191.7295
2/20/2018,122.7491,155.2901,192.4044
2/19/2018,123.0306,155.0773,192.7688
2/16/2018,123.5058,155.3239,194.6441
2/15/2018,123.4028,155.5955,193.8253
2/14/2018,121.694,154.7384,191.3495
2/12/2018,120.6916,154.3075,189.3662
2/9/2018,120.0446,154.4876,189.2164
2/8/2018,120.9869,154.5862,189.8164
2/7/2018,122.0425,154.5527,191.3672
2/6/2018,121.2544,154.2579,190.7013
2/2/2018,123.5084,154.1543,192.7006
2/1/2018,123.9487,153.9449,191.2304
1/30/2018,124.2216,153.7682,190.1805
1/29/2018,124.2623,153.7329,190.4751
1/26/2018,123.7213,153.7388,190.9897
1/25/2018,124.2441,153.9389,191.0536
1/24/2018,123.3629,154.0688,189.7049
1/23/2018,123.2031,154.0135,188.782
1/22/2018,122.9633,153.9447,188.259
1/19/2018,123.3428,153.8803,188.4418
1/18/2018,122.547,153.8569,187.6285
1/17/2018,122.8447,153.9215,189.0079
1/16/2018,122.6201,153.91,188.8091
1/12/2018,121.2794,153.781,185.2677
1/11/2018,121.0524,153.7661,183.9811
1/10/2018,120.3105,153.8203,183.7383
1/9/2018,120.8524,153.8052,184.0741
1/8/2018,120.6111,153.5567,184.8746
1/5/2018,120.5927,153.6506,185.4563
1/4/2018,120.3788,153.7699,184.7622
1/3/2018,120.1216,153.6377,185.0412
1/2/2018,120.0287,153.4697,184.3478
12/29/2017,119.1045,152.8548,182.4857
12/28/2017,118.757,152.6243,181.684
12/27/2017,118.1887,152.7775,181.217
12/26/2017,118.0177,152.942,181.4886
12/22/2017,118.0028,152.9524,181.2409
12/21/2017,117.2818,153.0594,181.7274
12/20/2017,117.3349,153.1487,181.3663
12/19/2017,117.3507,153.1593,180.5059
12/18/2017,117.2667,153.2297,180.1675
12/15/2017,117.6303,153.3441,180.7927
12/14/2017,117.4709,153.1463,181.2869
12/13/2017,115.9155,153.0136,179.7604
12/12/2017,115.2981,153.0573,180.1025
12/11/2017,115.1532,153.17,180.4036
12/8/2017,115.0962,153.3593,180.4272
12/7/2017,115.7422,153.3314,180.8927
12/6/2017,116.344,153.3869,181.4337
12/5/2017,117.3314,153.6153,182.4105
12/4/2017,116.8261,153.6882,182.4125
11/30/2017,116.654,153.7652,182.4962
11/29/2017,116.7729,153.7396,182.1122
11/28/2017,116.8397,153.6152,182.8251
11/27/2017,116.8664,153.7513,183.2715
11/24/2017,117.1939,153.6767,182.153
11/23/2017,116.9928,153.776,181.8324
11/22/2017,116.5623,153.8167,180.5039
11/21/2017,115.9314,153.7552,180.4164
11/20/2017,116.0187,153.6468,180.1662
11/17/2017,116.9357,153.792,181.7591
11/16/2017,116.9194,153.7806,181.1535
11/15/2017,116.4641,153.6061,181.1323
11/14/2017,117.2723,153.6184,179.2957
11/13/2017,117.5837,153.6339,179.0219
11/10/2017,117.8591,153.5123,178.742
11/9/2017,117.7796,153.3588,177.8425
11/8/2017,117.4854,153.4353,177.9543
11/7/2017,118.0323,153.6279,178.2621
11/6/2017,117.5344,153.6598,178.5143
11/2/2017,118.6011,153.698,179.1965
11/1/2017,117.6895,153.5915,178.7114
10/31/2017,118.0495,153.5903,178.7254
10/30/2017,117.8134,153.5628,178.3248
10/27/2017,117.534,153.8,178.9617
10/26/2017,118.7019,153.8586,181.9916
10/25/2017,118.8139,153.7845,180.8506
10/24/2017,120.1843,153.7473,180.8068
10/23/2017,120.144,153.6467,180.8422
10/20/2017,120.4835,153.6976,181.6706
10/19/2017,120.5756,153.619,181.2704
10/17/2017,120.5098,153.6527,180.9798
10/16/2017,121.0599,153.7464,181.4746
10/13/2017,120.4042,153.6258,182.0312
10/12/2017,119.7794,153.465,182.163
10/11/2017,119.3377,153.3903,180.9469
10/10/2017,119.2585,153.2885,180.4895
10/9/2017,119.2442,153.2603,180.0272
10/6/2017,119.3586,153.3286,179.5478
10/4/2017,120.4937,153.2121,180.323
10/3/2017,119.7014,153.1394,179.3186
10/2/2017,119.7069,153.1072,180.2608
9/29/2017,120.0214,153.0983,180.3651
9/28/2017,119.9175,153.1024,179.7728
9/27/2017,120.5986,153.0245,180.3853
9/26/2017,121.5288,152.9434,181.3909
9/25/2017,121.6189,152.8067,182.306
9/22/2017,121.091,152.8252,182.6796
9/21/2017,122.5703,153.0503,181.8391
9/20/2017,122.8325,153.1959,184.0725
9/19/2017,121.8553,152.9692,183.0124
9/18/2017,122.8642,152.9684,182.8125
9/15/2017,122.4862,153.1269,182.4813
9/14/2017,122.4446,152.9124,181.6676
9/13/2017,122.7435,152.8371,183.1141
9/12/2017,122.3327,152.849,182.731
9/11/2017,122.929,152.8017,183.553
9/8/2017,123.4735,152.7098,184
9/7/2017,121.9036,152.5607,181.9363
9/6/2017,121.9184,152.5028,181.6461
9/4/2017,121.6549,152.7656,181.4932
8/31/2017,120.7473,152.835,181.5145
8/30/2017,122.0233,152.7582,182.9356
8/29/2017,121.2585,152.9208,183.0309
8/28/2017,121.4605,152.9633,182.4164
8/25/2017,120.6499,152.944,180.3516
8/24/2017,120.7475,152.9127,180.4217
8/23/2017,120.9272,153.15,180.135
8/22/2017,121.6972,153.3,181.0626
8/21/2017,121.635,153.3472,180.298
8/18/2017,121.0499,153.315,179.8768
8/17/2017,121.5501,153.2016,180.5634
8/16/2017,120.0002,153.208,179.8662
8/15/2017,120.4825,153.12,180.4213
8/14/2017,120.9659,153.0729,181.0699
8/11/2017,120.1446,153.1871,180.2016
8/10/2017,120.9108,153.2262,180.0484
8/9/2017,120.6522,153.326,179.7747
8/8/2017,121.6435,153.3579,181.1924
8/4/2017,122.1281,153.4948,182.2751
8/3/2017,121.6456,153.4864,181.7049
8/2/2017,122.0072,153.5068,181.1534
8/1/2017,123.4726,153.6111,181.745
7/31/2017,122.7209,153.7278,180.4764
7/28/2017,122.5274,153.7357,179.6479
7/27/2017,123.4273,153.5738,180.2726
7/26/2017,121.4813,153.5212,178.8676
7/25/2017,121.6669,153.581,178.9603
7/24/2017,121.6884,153.7052,179.3509
7/21/2017,121.938,153.6808,178.7922
7/20/2017,122.0706,153.751,177.0904
7/19/2017,121.8514,153.7072,177.4012
7/18/2017,121.0639,153.7026,177.2345
7/17/2017,120.171,153.7303,176.2441
7/14/2017,118.9274,153.7125,175.3091
7/13/2017,118.0683,153.7047,175.7613
7/12/2017,117.7613,153.6652,176.4461
7/11/2017,116.9745,153.7217,175.1736
7/10/2017,116.9218,153.6625,175.2674
7/7/2017,116.4427,153.7096,175.3903
7/6/2017,116.7459,153.7243,174.3003
7/5/2017,117.0863,153.6163,174.5926
7/4/2017,117.6905,153.5427,174.5243
7/3/2017,117.9187,153.51,175.224
6/30/2017,118.195,153.51,175.6154
6/29/2017,117.4148,153.313,174.9378
6/28/2017,116.5977,153.2668,173.9348
6/27/2017,116.1892,153.2334,171.4222
6/23/2017,115.7297,153.3453,171.095
6/22/2017,115.7345,153.3313,171.2404
6/21/2017,116.0835,153.2658,170.6691
6/20/2017,116.0914,153.0236,170.7361
6/19/2017,116.5328,152.85,171.1844
6/16/2017,115.8695,152.5,170.0299
6/15/2017,116.1059,152.5,171.1431
6/14/2017,114.924,152.5,171.0593
6/13/2017,115.3281,152.5,170.7695
6/12/2017,114.8706,152.5,170.9144
6/9/2017,114.9011,152.5,170.7009
6/7/2017,115.007,152.4786,171.79
6/6/2017,113.8235,152.4966,171.9247
6/5/2017,113.6735,152.5,171.8675
6/2/2017,112.6213,152.5,171.0821
6/1/2017,112.8195,152.5,171.5244
5/31/2017,113.6811,152.5,170.4264
5/30/2017,113.2846,152.5,169.6715
5/29/2017,113.5973,152.5,170.3044
5/26/2017,113.2846,152.5,170.7161
5/25/2017,114.4741,152.5,171.2346
5/24/2017,113.826,152.5,170.6246
5/23/2017,114.2683,152.5,171.6006
5/22/2017,113.4829,152.5,170.556
5/19/2017,113.1169,152.5,169.336
5/18/2017,113.5845,152.3295,169.9083
5/17/2017,112.9799,152.3667,169.0889
5/16/2017,112.9609,152.3,167.3092
5/15/2017,112.698,152.3769,166.5022
5/12/2017,112.4888,152.3,165.5958
5/9/2017,112.0965,152.3154,166.4503
5/8/2017,112.6601,152.3154,167.2423
5/5/2017,112.43,152.0455,166.8471
5/4/2017,112.6686,152.0391,165.5934
5/3/2017,114.2364,151.9,166.0799
5/2/2017,114.601,151.9,165.7305
4/28/2017,113.4997,151.9,165.1305
4/27/2017,113.5528,151.9,165.8064
4/26/2017,114.1908,151.9,166.1102
4/25/2017,114.7973,151.8985,164.9086
4/24/2017,114.7073,151.9,164.4469
4/21/2017,114.3883,151.9,162.7684
4/20/2017,114.0237,151.9,162.7305
4/19/2017,114.3959,151.9,162.8368
4/18/2017,114.8516,151.9,161.7887
4/17/2017,115.0113,151.6,161.0371
4/12/2017,113.5584,151.6133,160.7935
4/11/2017,113.7303,151.6,160.4686
4/7/2017,114.0638,151.6,161.4313
4/6/2017,114.3064,151.6,161.8936
4/5/2017,114.7688,151.6,161.8936
4/4/2017,115.3449,151.6,161.7496
4/3/2017,115.4282,151.6,161.8861
3/31/2017,115.9714,151.7354,162.0306
3/30/2017,116.225,151.7,163.0396
3/29/2017,116.0158,151.6943,164.1939
3/28/2017,115.7048,151.6943,164.7779
3/27/2017,115.5571,151.6,164.4178
3/24/2017,115.4586,151.6,163.1443
3/23/2017,116.2166,151.6,163.5082
3/22/2017,116.0183,151.6083,163.646
3/21/2017,116.8004,151.3939,162.9604
3/20/2017,116.7916,151.3138,162.8061
3/17/2017,116.1818,151.308,162.989
3/16/2017,116.2798,151.3469,162.3196
3/15/2017,114.5795,151.35,160.6429
3/14/2017,114.405,151.3494,161.2552
3/13/2017,114.3676,151.35,161.831
3/10/2017,113.853,151.35,160.2872
3/9/2017,113.8682,151.35,159.5532
3/8/2017,114.9072,151.2534,159.7992
3/7/2017,114.8797,151.2371,160.0693
3/6/2017,114.6097,151.25,160.4763
3/3/2017,114.1786,151.25,159.0545
3/2/2017,115.8935,151.2476,159.2713
3/1/2017,116.3415,151.25,160.0225
2/28/2017,116.2054,151.25,160.0906
2/27/2017,116.2281,151.25,159.8486
2/23/2017,116.0955,151.235,159.5907
2/22/2017,116.3812,151.2426,159.5988
2/21/2017,115.9881,151.1245,159.9426
2/20/2017,115.7102,150.8214,160.0366
2/17/2017,116.061,150.7482,160.8936
2/16/2017,116.3122,150.7416,160.0876
2/15/2017,115.5993,150.7456,159.3456
2/14/2017,115.6104,150.7306,159.7217
2/13/2017,115.7137,150.7474,160.0787
2/9/2017,114.9167,150.75,161.0161
2/8/2017,115.0675,150.75,161.1291
2/7/2017,115.3238,150.75,161.6869
2/6/2017,115.3884,150.5,162.239
2/3/2017,115.0648,150.5,161.923
2/2/2017,115.0272,150.5,162.224
2/1/2017,113.5402,150.3246,162.2303
1/31/2017,113.6588,150.2429,160.7299
1/30/2017,113.574,150.25,161.2708
1/27/2017,113.2434,150.25,160.5271
1/26/2017,113.8365,150.2494,161.6083
1/25/2017,113.2732,150.15,161.141
1/24/2017,114.1799,150.1478,161.6191
1/23/2017,113.6786,150.15,161.3137
1/20/2017,113.6953,150.1424,160.292
1/19/2017,112.8452,150.15,159.7446
1/18/2017,113.2328,150.1363,160.4807
1/17/2017,112.1413,150.1222,159.2797
1/16/2017,112.2526,150.0402,159.3352
1/13/2017,112.365,150,159.18
1/11/2017,110.5223,149.9828,158.2094
1/10/2017,110.355,150,158.82
1/9/2017,109.8588,149.9983,158.0832
1/6/2017,110.07,150,158.8125
1/5/2017,109.3194,149.9992,157.8142
1/4/2017,108.4425,150,156.03
1/3/2017,108.33,150,157.1325
1/2/2017,108.1842,149.9747,157.7659
12/30/2016,108.4252,149.8,157.8742
12/29/2016,107.7793,149.7975,156.3736
12/28/2016,107.7297,149.5,156.519
12/27/2016,107.2559,149.4231,155.9379
12/23/2016,107.679,149.295,155.9013
12/22/2016,108.1717,149.295,155.8043
12/21/2016,108.2496,149.0425,155.1831
12/20/2016,108.0308,149.08,155.1774
12/19/2016,108.9052,149.0933,155.9441
12/16/2016,109.7265,149.095,155.4464
12/15/2016,110.3855,148.6874,156.4117
12/14/2016,111.3446,148.6874,158.1662
12/9/2016,110.8431,148.6929,157.5699
12/8/2016,111.387,148.6548,160.012
12/7/2016,110.1647,148.3,158.9479
12/6/2016,110.528,148.3,159.6153
12/5/2016,109.9939,148.1,156.3492
12/2/2016,109.7819,147.964,157.8406
12/1/2016,109.3646,147.95,156.7308
11/30/2016,110.748,147.95,157.552
11/29/2016,110.7702,147.95,156.8492
11/28/2016,110.4595,147.95,157.8627
11/25/2016,109.8958,147.9481,156.137
11/24/2016,109.1709,147.9481,155.8411
11/23/2016,109.8455,147.95,157.2339
11/22/2016,109.3868,147.95,157.3078
11/21/2016,108.44,147.95,156.9676
11/18/2016,109.1038,147.747,156.5453
11/17/2016,110.4697,147.746,158.103
11/16/2016,111.7488,147.7475,158.7769
11/15/2016,111.6768,147.75,158.883
11/11/2016,111.7803,147.75,161.1953
11/10/2016,113.2038,147.7471,161.7166
11/9/2016,113.6692,147.7471,164.4425
11/8/2016,113.7282,147.7085,162.9594
11/7/2016,113.4332,147.7283,163.7273
11/4/2016,113.4566,147.73,163.8473
11/3/2016,113.2106,147.4,163.8204
11/2/2016,112.3676,147.3963,163.1087
11/1/2016,112.3086,147.3963,161.6495
10/31/2016,111.8063,147.1136,161.2733
10/28/2016,111.7388,146.9667,160.3039
10/27/2016,112.1875,146.9,160.0843
10/26/2016,113.0542,146.9,159.9521
10/25/2016,111.9598,146.9,159.8052
10/24/2016,111.666,146.9,159.5628
10/21/2016,111.9672,146.9,160.1577
10/20/2016,113.0028,146.9,161.1934
10/19/2016,112.6135,146.9,161.4651
10/18/2016,112.5818,146.8778,161.83
10/17/2016,111.554,146.8976,161.1981
10/14/2016,111.5191,146.9,162.229
10/13/2016,110.6157,146.9,161.9499
10/12/2016,111.2988,146.9,162.2951
10/11/2016,111.1728,146.85,163.378
10/10/2016,111.589,146.8469,164.3364
10/7/2016,111.3034,146.7414,163.3892
10/6/2016,111.6423,146.753,164.4221
10/5/2016,112.0044,146.6698,164.6149
10/4/2016,112.5166,146.7257,164.3108
10/3/2016,112.4477,146.8753,165.0144
9/30/2016,111.9129,146.7229,164.5644
9/29/2016,112.7475,146.4824,164.4631
9/28/2016,112.2782,146.3385,163.9942
9/27/2016,111.9184,146.3273,164.567
9/26/2016,111.363,146.2704,164.3348
9/23/2016,111.3801,145.9,163.3715
9/22/2016,111.4586,146.022,163.3621
9/21/2016,110.086,145.7706,162.5634
9/20/2016,109.9392,145.75,162.8319
9/19/2016,109.8042,145.8126,162.8143
9/15/2016,108.6018,145.5983,163.7398
9/14/2016,108.7336,145.2978,163.0023
9/13/2016,109.6071,145.1558,163.068
9/9/2016,111.0729,145.4214,163.9117
9/8/2016,111.5255,145.4333,163.6052
9/7/2016,111.5425,145.4175,163.5947
9/6/2016,110.8663,145.4175,162.0969
9/5/2016,110.3768,145.4911,162.3753
9/2/2016,109.8105,145.5118,162.9441
9/1/2016,109.6695,145.5564,162.3827
8/31/2016,109.6227,145.62,162.3954
8/30/2016,110.2336,145.6286,162.7108
8/29/2016,109.7897,145.6,163.0283
8/26/2016,111.2417,145.8525,164.6821
8/25/2016,110.9668,145.5111,164.0128
8/24/2016,110.6819,145.5,164.415
8/23/2016,111.002,145.5,164.786
8/22/2016,110.5,145.5,164.255
8/19/2016,111.1475,145.5,164.9679
8/18/2016,112.1005,145.5,164.6187
8/16/2016,111.5112,145.5,162.6836
8/15/2016,111.2348,145.5,162.3053
8/12/2016,111.7295,145.5,162.087
8/11/2016,112.3668,145.6,162.7735
8/10/2016,112.0465,145.6,162.3294
8/9/2016,110.9982,145.6,161.2957
8/8/2016,110.8089,145.6,161.5214
8/5/2016,111.3822,145.6167,162.0859
8/4/2016,110.9791,145.7471,162.5226
8/3/2016,110.9047,145.745,163.3947
8/2/2016,109.8081,145.75,162.7445
8/1/2016,110.8575,145.75,162.8756
7/29/2016,109.8638,145.7466,161.531
7/28/2016,109.4776,145.7466,161.2978
7/27/2016,109.2688,145.75,160.1938
7/26/2016,109.1012,145.75,160.1574
7/25/2016,108.868,145.75,159.8222
7/22/2016,108.9773,145.75,160.6967
7/21/2016,108.4872,145.25,160.0946
7/20/2016,108.9085,145.25,159.8476
7/18/2016,110.3101,145.25,160.7046
7/15/2016,111.1163,145.25,161.5471
7/14/2016,110.7531,145.25,161.3655
7/13/2016,110.2575,145.2477,160.6294
7/12/2016,110.2012,145.25,161.0387
7/11/2016,109.7219,145.25,160.5739
7/8/2016,109.0029,145.25,160.8499
7/7/2016,108.9926,145.246,161.0197
7/5/2016,109.1161,145.246,161.6733
7/4/2016,108.8939,145.25,161.8376
7/1/2016,108.1749,145.25,161.2493
6/30/2016,108.1822,145.25,161.4381
6/29/2016,107.5794,145.25,160.6538
6/28/2016,107.2163,145.25,160.4214
6/27/2016,107.4414,145.25,159.6298
6/24/2016,108.3129,145.25,162.266
6/23/2016,109.1772,145.25,164.6409
6/22/2016,108.22,145.1935,163.3862
6/21/2016,108.1293,144.5385,163.8416
6/20/2016,107.5297,144.5,164.0942
6/17/2016,106.931,144.5893,162.9015
6/16/2016,106.9992,144.75,163.0319
6/15/2016,106.5683,144.725,162.1499
6/14/2016,106.896,144.7474,163.4922
6/13/2016,107.0704,145.0131,163.1107
6/10/2016,107.8947,145.548,164.4401
6/9/2016,108.945,145.7458,166.3397
6/8/2016,108.4307,145.75,165.725
6/7/2016,107.4481,145.9,165.6257
6/6/2016,106.839,145.925,165.5373
6/3/2016,105.6021,145.95,162.7488
6/2/2016,105.6155,145.908,163.5629
6/1/2016,106.3209,145.955,162.2874
5/31/2016,105.4574,145.75,162.4675
5/30/2016,104.3497,145.75,161.7752
5/27/2016,105.3117,145.75,163.0724
5/26/2016,105.1003,145.75,162.9194
5/25/2016,104.736,145.75,162.4238
5/24/2016,105.1295,145.75,163.3566
5/20/2016,105.5157,145.75,163.342
5/19/2016,105.1295,145.75,163.5752
5/18/2016,106.2918,145.725,164.611
5/17/2016,107.3375,145.74,165.0068
5/16/2016,106.1643,145.74,164.8611
5/13/2016,106.3902,145.75,165.7615
5/12/2016,106.9586,145.75,166.4902
5/11/2016,107.15,145.7327,165.9313
5/10/2016,106.78,145.715,165.831
5/9/2016,107.4701,145.7617,166.1246
5/6/2016,107.7746,145.73,166.2196
5/5/2016,109.1299,145.73,167.3928
5/4/2016,109.1299,145.73,167.3636
5/3/2016,110.8246,143.9,166.0534
4/29/2016,109.9684,143.9,163.8014
4/28/2016,109.1841,143.9,162.6718
4/27/2016,110.2562,143.9,162.7365
4/26/2016,111.1484,143.9,162.2329
4/25/2016,110.8408,143.9024,161.8039
4/22/2016,111.8535,143.9,162.7221
4/20/2016,112.0837,143.9,163.5424
4/19/2016,111.7599,143.9,162.8516
4/18/2016,110.1986,143.9,162.348
4/15/2016,110.9829,143.9,161.9882
4/12/2016,109.6518,143.9,164.2187
4/11/2016,108.7021,143.9,164.2187
4/8/2016,108.3711,143.9,163.5424
4/7/2016,109.5295,143.9,164.1036
4/6/2016,108.774,143.9,163.6575
4/5/2016,109.0186,143.9,164.0028
4/4/2016,109.9972,143.9,164.0892
4/1/2016,110.1986,143.9,163.6143
3/31/2016,110.1483,143.9,162.9452
3/30/2016,109.7449,143.89,162.459
3/29/2016,108.846,143.9,161.0889
3/28/2016,108.0508,143.895,160.5293
3/24/2016,108.1579,143.9035,160.7834
3/23/2016,109.8042,143.93,161.4175
3/21/2016,109.2345,143.9,162.3624
3/18/2016,110.285,143.9,162.8804
3/17/2016,109.4072,143.9,161.4558
3/16/2016,107.3479,143.898,159.7556
3/15/2016,107.7235,143.9,159.8729
3/14/2016,108.9755,143.9,160.5348
3/11/2016,107.8059,144.3571,161.4345
3/10/2016,107.6234,144.0067,158.1914
3/9/2016,106.7732,143.9089,158.012
3/8/2016,106.8745,143.9,158.6498
3/4/2016,106.0329,144.1154,157.6695
3/3/2016,105.5446,144.2556,156.8203
3/2/2016,104.0331,143.9108,156.3519
3/1/2016,102.4973,143.9165,156.6675
2/29/2016,102.7873,144.354,157.8655
2/26/2016,104.1908,143.9,159.0167
2/25/2016,103.1425,143.883,158.5735
2/24/2016,103.5176,143.8943,158.3988
2/23/2016,104.0968,143.9192,158.9012
2/19/2016,102.2551,143.93,160.1293
2/18/2016,103.1044,143.9,160.319
2/17/2016,102.3348,143.9004,160.3626
2/16/2016,103.1192,143.9207,160.7738
2/15/2016,102.5711,143.8989,161.433
2/12/2016,102.2028,143.897,162.6899
2/11/2016,102.3705,143.9,162.5638
2/10/2016,101.3919,143.9,162.5926
2/9/2016,101.2544,143.9091,161.2214
2/8/2016,101.9708,143.9046,160.2953
2/5/2016,103.3918,143.9296,161.194
2/3/2016,101.0178,143.9,157.2395
2/2/2016,102.2604,143.9071,156.8012
2/1/2016,101.7157,143.9,156.0739
1/29/2016,102.1478,143.9208,157.363
1/28/2016,101.3108,143.8972,156.7328
1/27/2016,101.2194,143.89,156.2933
1/26/2016,100.0814,143.9089,156.1915
1/25/2016,100.8523,143.9,155.4696
1/22/2016,100.6724,143.9,155.9157
1/21/2016,99.8064,143.8858,156.4326
1/20/2016,99.1372,143.9169,157.2724
1/19/2016,98.5062,143.9308,156.8486
1/18/2016,99.1396,143.8161,156.8386
1/14/2016,99.9371,143.8047,156.517
1/13/2016,101.1677,143.745,155.5177
1/12/2016,100.451,143.7993,156.2667
1/11/2016,100.1617,143.8175,157.0343
1/8/2016,101.6011,143.9415,156.6012
1/7/2016,101.4195,144.0106,155.5747
1/6/2016,102.6353,144.2318,155.2439
1/5/2016,103.9273,144.1833,156.0352
1/4/2016,104.0427,144.2333,156.7239
1/1/2016,105.1507,144.0716,156.4618
12/31/2015,105.1007,144.0623,157.3737
12/30/2015,104.7432,143.8484,157.1256
12/29/2015,104.2946,143.6861,157.7602
12/28/2015,104.4826,143.6286,157.618
12/23/2015,103.9131,143.5859,156.9609
12/22/2015,103.3571,143.5415,156.6899
12/21/2015,102.811,143.5406,155.9856
12/18/2015,102.3802,143.5606,155.5623
12/17/2015,103.1369,143.5647,155.7892
12/16/2015,103.2254,143.4583,156.9649
12/15/2015,104.2554,143.4938,157.9938
12/14/2015,102.7934,143.276,157.1523
12/11/2015,103.8843,143.2196,156.5677
12/10/2015,104.4555,143.178,157.6605
12/9/2015,103.4202,143.2214,156.1973
12/8/2015,103.9941,143.2426,155.4612
12/7/2015,104.9686,143.2529,155.5153
12/4/2015,104.9806,143.2498,156.264
12/3/2015,104.6165,143.2318,151.7613
12/2/2015,104.7604,143.2327,152.0988
12/1/2015,104.1562,143.239,151.6973
11/30/2015,102.8444,143.2074,151.4848
11/27/2015,103.3442,143.0667,151.8152
11/26/2015,103.3089,142.8892,151.6769
11/24/2015,102.6841,142.6267,151.7477
11/23/2015,102.2409,142.4662,151.1566
11/20/2015,102.4961,142.3063,152.5666
11/19/2015,101.9292,142.2797,152.3816
11/18/2015,101.029,142.2944,151.3514
11/17/2015,100.8543,142.1384,151.5551
11/16/2015,101.0401,142.0599,152.274
11/13/2015,101.234,141.9633,153.1287
11/12/2015,101.2876,141.929,152.8362
11/11/2015,100.2389,141.901,152.6713
11/9/2015,99.6948,141.5214,152.1143
11/6/2015,101.1744,141.562,154.1398
11/5/2015,100.9701,141.2663,153.5
11/4/2015,101.7102,141.0487,154.3778
11/3/2015,101.0735,140.9771,155.2722
11/2/2015,100.6644,140.9668,155.4723
10/30/2015,100.0277,140.8543,154.6299
10/29/2015,100.1637,140.8772,153.9436
10/28/2015,100.5188,141.1087,155.6711
10/26/2015,102.1758,141.0489,155.6193
10/23/2015,102.102,141.0638,156.6796
10/22/2015,102.0226,141.0126,159.9647
10/21/2015,102.4857,140.9901,160.1366
10/20/2015,102.2999,140.9672,159.8004
10/19/2015,102.4464,140.9554,160.1817
10/16/2015,102.8586,140.9312,160.3304
10/15/2015,103.2551,140.6841,161.435
10/14/2015,101.371,140.4809,160.078
10/13/2015,102.5044,140.3209,159.3554
10/12/2015,103.0011,140.338,159.5924
10/9/2015,102.2189,140.5457,158.5355
10/8/2015,101.0067,140.5995,158.2869
10/7/2015,101.1684,141.0307,158.9275
10/6/2015,100.0786,141.2243,158.0229
10/5/2015,99.9698,141.2601,158.847
10/2/2015,99.4594,141.2575,158.0954
10/1/2015,99.506,141.2334,157.673
9/30/2015,98.9411,141.2335,158.9159
9/29/2015,98.3269,141.2438,158.9063
9/28/2015,99.0574,140.9568,157.7589
9/25/2015,98.748,140.9578,157.5767
9/23/2015,99.1731,140.951,156.808
9/22/2015,100.5979,140.8342,157.7625
9/21/2015,100.6943,140.5167,158.9174
9/18/2015,101.171,140.7891,160.57
9/17/2015,101.2156,140.6358,159.0942
9/16/2015,99.8407,139.9898,157.9855
9/15/2015,99.6755,139.7679,158.1614
9/14/2015,98.8813,139.0345,157.7207
9/11/2015,98.2278,138.936,156.7059
9/10/2015,97.0971,138.7796,155.6066
9/9/2015,97.5103,138.1655,154.5174
9/8/2015,95.6852,137.4985,153.5171
9/7/2015,95.5956,137.875,153.7996
9/4/2015,94.042,134.75,149.9633
9/3/2015,94.4459,134.5,150.9023
9/2/2015,94.4257,134.5,151.5681
9/1/2015,95.6564,134.5,151.5412
8/31/2015,95.7962,134.3,150.8861
8/28/2015,96.3935,134.15,150.9724
8/27/2015,95.7227,134.15,151.992
8/26/2015,95.7133,134.2496,154.8972
8/25/2015,96.9141,134.1,154.5905
8/24/2015,97.0093,134,153.3563
8/21/2015,97.8407,133.9,150.7312
8/20/2015,98.4007,133.8967,149.1074
8/19/2015,98.3761,134,148.0968
8/18/2015,98.8853,134,148.4452
8/17/2015,98.6843,133.9,148.5353
8/14/2015,98.8048,133.9,149.2382
8/13/2015,98.8381,133.8,149.1469
8/12/2015,97.1159,133.75,147.8606
8/11/2015,98.1792,133.75,146.8308
8/10/2015,98.9483,133.75,146.6569
8/7/2015,98.6674,133.75,146.1085
8/6/2015,97.7968,133.4927,145.5471
8/5/2015,98.3089,133.4993,144.9802
8/4/2015,97.3682,133.5,146.1758
8/3/2015,97.5547,133.6,146.606
7/30/2015,97.7351,133.6,146.5993
7/29/2015,98.0023,133.6,148.0088
7/28/2015,97.3603,133.7,148.2399
7/27/2015,97.4589,133.6976,147.0874
7/24/2015,97.7326,133.6971,146.766
7/23/2015,98.6296,133.6988,146.4202
7/22/2015,98.9514,133.7,146.094
7/21/2015,98.6173,133.8,144.9121
7/20/2015,98.4697,133.7994,144.8847
7/17/2015,99.1859,133.8,145.7149
7/16/2015,98.5632,133.7992,146.2024
7/15/2015,100.1894,133.8,147.2268
7/14/2015,99.3398,133.8,147.2268
7/13/2015,99.4318,133.6,148.7436
7/10/2015,99.9729,133.6,148.0889
7/9/2015,99.6522,133.6,147.9086
7/8/2015,99.2314,133.6,146.9266
7/7/2015,99.9929,133.6,147.4744
7/6/2015,100.0998,133.6,147.5412
7/3/2015,101.3824,133.6,148.1424
7/2/2015,102.1401,133.7,147.8655
6/30/2015,102.4944,133.7,149.6237
6/29/2015,102.6148,133.7,147.2104
6/26/2015,103.293,133.7126,149.5308
6/25/2015,103.3337,133.8,149.943
6/24/2015,103.6252,133.9,149.6333
6/23/2015,103.2771,133.9,151.3539
6/22/2015,104.3231,134.1,152.579
6/19/2015,104.4881,134.2,152.6525
6/18/2015,103.5072,133.9986,152.1353
6/17/2015,103.5548,133.9995,150.7829
6/16/2015,103.9763,133.9987,151.0098
6/15/2015,103.4346,134,150.214
6/12/2015,103.6795,133.7973,150.5822
6/11/2015,103.9146,133.7985,151.1053
6/10/2015,102.7651,133.8,151.0401
6/9/2015,103.0679,133.8979,151.6461
6/8/2015,102.056,133.8966,148.6118
6/5/2015,103.0829,133.9,150.1622
6/4/2015,103.4578,133.9,150.8317
6/3/2015,104.4018,133.9,149.4391
6/1/2015,102.5138,133.9,146.6071
5/29/2015,102.6678,133.9,146.741
5/28/2015,102.9356,133.9,146.0782
5/27/2015,103.6855,133.9,145.556
5/26/2015,104.6336,133.7,146.3413
5/25/2015,104.5868,133.7,146.8695
5/22/2015,105.8102,133.7,148.8683
5/21/2015,105.623,133.7,148.7346
5/20/2015,105.8116,133.4994,148.8051
5/19/2015,106.2334,133.3,150.469
5/18/2015,106.8166,133.3125,152.3629
5/15/2015,107.5538,133.4,152.2094
5/14/2015,108.4675,133.4,151.5491
5/13/2015,106.4729,133.5,149.9072
5/12/2015,105.6521,133.4412,148.7803
5/11/2015,105.3337,133.3,148.8428
5/8/2015,105.1071,133.3,149.6093
5/7/2015,106.3601,133.3,151.1222
5/6/2015,105.7613,133.1,148.9456
5/5/2015,104.3945,133.0714,148.2815
4/30/2015,106.1871,132.9,147.7383
4/29/2015,106.2403,132.9,145.7847
4/28/2015,104.5899,132.897,144.572
4/27/2015,104.0075,132.9,144.3427
4/24/2015,103.3559,132.8994,143.651
4/23/2015,102.6972,132.8983,142.1547
4/22/2015,103.2618,132.8981,142.6262
4/21/2015,102.2106,132.8964,142.5845
4/20/2015,103.755,132.9,143.532
4/17/2015,103.3165,132.9,143.0669
4/16/2015,103.2168,132.9,142.316
4/15/2015,101.1024,132.8983,141.3174
4/10/2015,102.4127,132.9,141.8641
4/9/2015,102.1469,132.9,143.2197
4/8/2015,101.5954,132.9,143.8975
4/7/2015,101.2034,132.9,145.4391
4/6/2015,101.242,132.8984,145.9224
4/2/2015,100.8047,132.9,143.0536
4/1/2015,101.4758,132.9,143.2064
3/31/2015,101.5888,132.9,143.8709
3/30/2015,102.656,132.8794,144.5462
3/27/2015,103.6952,132.9,144.5686
3/26/2015,104.0075,132.9,145.8777
3/25/2015,104.6986,132.9,145.2464
3/24/2015,104.393,132.9,145.1202
3/23/2015,103.3896,132.9,143.3725
3/20/2015,102.0672,132.9,141.9571
3/19/2015,103.2301,132.9,144.0038
3/18/2015,101.2897,132.9,140.987
3/17/2015,101.3961,132.9,140.4554
3/16/2015,101.5888,132.9,139.9371
3/13/2015,102.3264,132.9,140.9803
